controller,family,seed,condition,scenario,IAE,ISE,SSE,ControlEnergy,MeanAbsVoltage,SaturationFraction
SAC,RL,0.0,nominal,step_nominal,12.217089692426006,811.2867132502616,0.0064828775200425,142.27432778171334,13.193723741293304,0.4830339321357285
SAC,RL,0.0,nominal,step_load_disturbance,12.259080579614755,811.7451559864179,0.1218752215247889,148.17559642167546,14.272182028770764,0.4910179640718562
SAC,RL,0.0,nominal,ramp,0.2678141550453712,0.1503254003437898,0.81579720685626,68.5657660479222,11.66552942132946,0.0
SAC,RL,0.0,nominal,sine,15.485576048723674,1171.2611666091348,0.7274158167591622,163.85911786854317,16.02418667358186,0.4890219560878243
SAC,RL,0.0,ra_plus_50,step_nominal,16.809659949376957,1108.712511959185,0.0974338006682415,197.97456121245412,17.378801346063828,0.6766467065868264
SAC,RL,0.0,ra_plus_50,step_load_disturbance,17.226332287843956,1119.4149552251642,0.1222210513488306,213.13183030465424,18.9881333699228,0.718562874251497
SAC,RL,0.0,ra_plus_50,ramp,0.4319870408343416,0.378366563804102,1.1151901987948918,140.73957177780528,16.719765009164767,0.0
SAC,RL,0.0,ra_plus_50,sine,19.531007939319625,1545.5864451587768,0.975457030260003,206.51749992340496,18.880213765621352,0.6027944111776448
SAC,RL,0.0,j_plus_50,step_nominal,18.284133439179836,1216.1087878519213,0.1168929445504147,211.38597392326096,18.380574273348035,0.7245508982035929
SAC,RL,0.0,j_plus_50,step_load_disturbance,18.65566912068681,1226.7958112815877,0.2029616242350584,222.421512858794,19.487192487716825,0.7564870259481038
SAC,RL,0.0,j_plus_50,ramp,0.4515229326834957,0.4115717569880499,1.1415115185447604,140.66558001089157,16.715120614528615,0.0
SAC,RL,0.0,j_plus_50,sine,20.69063962355125,1665.991626104978,1.03424964194501,211.93525117126097,19.16234892773644,0.6347305389221557
SAC,RL,0.0,friction,step_nominal,12.486873120305196,828.9703492845957,0.0320466183141121,146.06049848542563,13.643856602669098,0.4950099800399201
SAC,RL,0.0,friction,step_load_disturbance,12.531205574863067,829.6009882659456,0.1489720004459229,152.55822613873033,14.722460756779018,0.5029940119760479
SAC,RL,0.0,friction,ramp,0.2830374180394349,0.1670122814052023,0.8490117526630314,73.8599540577318,12.108402988672218,0.0
SAC,RL,0.0,friction,sine,15.752699390447042,1195.8725716134618,0.7649476125933177,166.00374307062947,16.14130412524964,0.497005988023952
SAC,RL,0.0,saturation,step_nominal,26.940787110977677,1805.0384239789296,7.922247162385119,287.7119999999777,23.976,0.998003992015968
SAC,RL,0.0,saturation,step_load_disturbance,28.517745020124764,1898.9442789255693,18.426330494000013,287.7119999999777,23.976,0.998003992015968
SAC,RL,0.0,saturation,ramp,2.5974514349401394,16.224771668641054,9.263629414963944,274.9870452682077,23.30742023468012,0.906187624750499
SAC,RL,0.0,saturation,sine,26.94078711097768,2198.194417903253,7.922247162375385,287.7119999999777,23.976,0.998003992015968
SAC,RL,0.0,combined_stress,step_nominal,29.81582340925516,2045.102257016664,19.95497979276737,287.7119999999777,23.976,0.998003992015968
SAC,RL,0.0,combined_stress,step_load_disturbance,31.379524632413023,2167.610659306989,30.325407092927847,287.7119999999777,23.976,0.998003992015968
SAC,RL,0.0,combined_stress,ramp,5.362124396975861,74.15171595194755,21.03654840349995,280.3542315611553,23.56818745255467,0.9500998003992016
SAC,RL,0.0,combined_stress,sine,29.815823409255163,2399.969373961576,19.95497979275764,287.7119999999777,23.976,0.998003992015968
SAC,RL,1.0,nominal,step_nominal,12.317845443069835,811.3478851190334,0.5708864413285397,142.60530190630934,13.260682652950637,0.4810379241516966
SAC,RL,1.0,nominal,step_load_disturbance,12.299245768325484,811.7617837997238,0.2637184760411912,148.25684711136495,14.313342670440989,0.4890219560878243
SAC,RL,1.0,nominal,ramp,0.1458182265525223,0.0446985391594307,0.2211536461028487,69.01855618983838,11.700484773635823,0.0
SAC,RL,1.0,nominal,sine,15.547258188901326,1171.3461124980106,0.592597530768245,163.1674254703954,15.90429674008515,0.4890219560878243
SAC,RL,1.0,ra_plus_50,step_nominal,16.87613144178608,1108.748405053628,0.5374469307866718,198.6450718807888,17.450922898054337,0.6766467065868264
SAC,RL,1.0,ra_plus_50,step_load_disturbance,17.229666882868706,1119.4163649185416,0.1678367068119683,213.08176643010023,18.995303607940837,0.7145708582834331
SAC,RL,1.0,ra_plus_50,ramp,0.3394024071472759,0.2342182190038314,0.6010176987939957,141.7288311296241,16.769175344467122,0.0
SAC,RL,1.0,ra_plus_50,sine,19.5795185492042,1545.649903088265,1.2029722821663853,204.94261411168705,18.69247893519344,0.5968063872255489
SAC,RL,1.0,j_plus_50,step_nominal,18.337400964160068,1216.1382423631546,0.5308920587214345,212.0447178669725,18.447096024751843,0.7245508982035929
SAC,RL,1.0,j_plus_50,step_load_disturbance,18.657708258296424,1226.796977917795,0.2301076791597296,222.32148870570117,19.49000319194808,0.7524950099800399
SAC,RL,1.0,j_plus_50,ramp,0.3610145950062037,0.2660626911227602,0.6283658208565299,141.71494424188825,16.76378216123577,0.0
SAC,RL,1.0,j_plus_50,sine,20.731372143331622,1666.0405238676196,1.2407262377075483,210.7379075565061,19.00957364432996,0.6227544910179641
SAC,RL,1.0,friction,step_nominal,12.572636974077104,829.0208066792959,0.5341773621693449,146.36415343602388,13.709130852461197,0.4930139720558882
SAC,RL,1.0,friction,step_load_disturbance,12.56468642981932,829.6133884430309,0.2235950707675869,152.6504181357211,14.762039009094538,0.500998003992016
SAC,RL,1.0,friction,ramp,0.1640532977833362,0.056095093917378,0.2565431130554572,74.38864912388442,12.148294151782952,0.0
SAC,RL,1.0,friction,sine,15.809536968014546,1195.9482382349358,0.6292245881197402,165.32391503252578,16.02228111167278,0.4950099800399201
SAC,RL,1.0,saturation,step_nominal,26.940787110977677,1805.0384239789296,7.922247162385119,287.7119999999777,23.976,0.998003992015968
SAC,RL,1.0,saturation,step_load_disturbance,28.517745020124764,1898.9442789255693,18.426330494000013,287.7119999999777,23.976,0.998003992015968
SAC,RL,1.0,saturation,ramp,2.586672206188226,16.113844713071394,9.241736194732866,273.26534124069894,23.209272795200285,0.9021956087824352
SAC,RL,1.0,saturation,sine,26.94078711097768,2198.194417903253,7.922247162375385,287.7119999999777,23.976,0.998003992015968
SAC,RL,1.0,combined_stress,step_nominal,29.81582340925516,2045.102257016664,19.95497979276737,287.7119999999777,23.976,0.998003992015968
SAC,RL,1.0,combined_stress,step_load_disturbance,31.379524632413023,2167.610659306989,30.325407092927847,287.7119999999777,23.976,0.998003992015968
SAC,RL,1.0,combined_stress,ramp,5.352221350441935,73.95156711212137,21.0181978126205,279.1730640312364,23.50717229938504,0.9441117764471058
SAC,RL,1.0,combined_stress,sine,29.815823409255163,2399.969373961576,19.95497979275764,287.7119999999777,23.976,0.998003992015968
SAC,RL,2.0,nominal,step_nominal,12.31246119707498,811.3426229359851,0.44127801894318,142.46788260166988,13.247780090570798,0.4810379241516966
SAC,RL,2.0,nominal,step_load_disturbance,12.305601455815117,811.765813682492,0.2326079602427455,148.30446411108682,14.311292722225502,0.4910179640718562
SAC,RL,2.0,nominal,ramp,0.5328933625246064,0.626107041595543,0.5773629969715586,69.5118799229015,11.681911655008747,0.0
SAC,RL,2.0,nominal,sine,15.561722370428608,1171.357766719423,0.9053796947124796,162.7219087061419,15.837933215230969,0.4890219560878243
SAC,RL,2.0,ra_plus_50,step_nominal,16.875609399809747,1108.748197194851,0.4876292537735907,198.3933759257596,17.44317023921034,0.6746506986027944
SAC,RL,2.0,ra_plus_50,step_load_disturbance,17.23393754526049,1119.4180922711,0.1992243514227993,213.0626183681523,19.00035903644578,0.716566866267465
SAC,RL,2.0,ra_plus_50,ramp,0.6393380538753101,0.9439371637729344,0.661539085611679,143.22516842201486,16.78731373000139,0.0079840319361277
SAC,RL,2.0,ra_plus_50,sine,19.592189605117685,1545.6741003870882,1.1109052431105937,204.99610975436303,18.64090393712389,0.6187624750499002
SAC,RL,2.0,j_plus_50,step_nominal,18.33630109645411,1216.137623635722,0.4928463532048397,211.73377646543588,18.44063709449786,0.7225548902195609
SAC,RL,2.0,j_plus_50,step_load_disturbance,18.65975942313236,1226.798178175176,0.2462691476684995,222.1759454885966,19.492914290905144,0.7544910179640718
SAC,RL,2.0,j_plus_50,ramp,0.7128579740795307,1.0949420797068294,0.976024361166978,141.9056406811652,16.733008965134562,0.0
SAC,RL,2.0,j_plus_50,sine,20.756483425584044,1666.0926809359262,1.556752009660002,209.4839759235436,18.885853807151484,0.6207584830339321
SAC,RL,2.0,friction,step_nominal,12.567424407449938,829.0160426612034,0.416474637873975,146.2177156231706,13.697430524349548,0.4910179640718562
SAC,RL,2.0,friction,step_load_disturbance,12.570572963356923,829.6166303875332,0.199511448562319,152.6794035312079,14.760672628403013,0.500998003992016
SAC,RL,2.0,friction,ramp,0.5502169093752527,0.6640298892942932,0.6199150036624701,74.78889127275197,12.119879565536928,0.0
SAC,RL,2.0,friction,sine,15.824768904032284,1195.9625467780425,0.948137750463431,164.89394248077866,15.95876821732547,0.497005988023952
SAC,RL,2.0,saturation,step_nominal,26.940787110977677,1805.0384239789296,7.922247162385119,287.7119999999777,23.976,0.998003992015968
SAC,RL,2.0,saturation,step_load_disturbance,28.517745020124764,1898.9442789255693,18.426330494000013,287.7119999999777,23.976,0.998003992015968
SAC,RL,2.0,saturation,ramp,2.8007582492808707,18.37515535607873,9.65544194774752,276.00913665016446,23.30525552609557,0.9221556886227544
SAC,RL,2.0,saturation,sine,26.94078711097768,2198.194417903253,7.922247162375385,287.7119999999777,23.976,0.998003992015968
SAC,RL,2.0,combined_stress,step_nominal,29.81582340925516,2045.102257016664,19.95497979276737,287.7119999999777,23.976,0.998003992015968
SAC,RL,2.0,combined_stress,step_load_disturbance,31.379524632413023,2167.610659306989,30.325407092927847,287.7119999999777,23.976,0.998003992015968
SAC,RL,2.0,combined_stress,ramp,5.549574348342157,78.20704586799691,21.40064420534172,279.548666984363,23.4795071983337,0.9540918163672656
SAC,RL,2.0,combined_stress,sine,29.815823409255163,2399.969373961576,19.95497979275764,287.7119999999777,23.976,0.998003992015968
SAC,RL,3.0,nominal,step_nominal,12.28062217752535,811.3238774235987,0.0266747555710935,142.5693125663251,13.203787797689788,0.4830339321357285
SAC,RL,3.0,nominal,step_load_disturbance,12.250331531093847,811.7433168336391,0.1470920472001893,147.97620928312057,14.266613491058663,0.4890219560878243
SAC,RL,3.0,nominal,ramp,0.4711731531806443,0.4896966187003881,0.6421194340972534,69.0921753706775,11.681300488769963,0.0
SAC,RL,3.0,nominal,sine,15.558867089099364,1171.3749643573683,0.8071877531069589,163.50059997177925,15.939967471156065,0.4910179640718562
SAC,RL,3.0,ra_plus_50,step_nominal,16.85693327730878,1108.7339238815582,0.1540899689734516,198.5079400586369,17.390671664953445,0.6746506986027944
SAC,RL,3.0,ra_plus_50,step_load_disturbance,17.235178659389334,1119.419191521596,0.2324693330458132,212.29250674919885,18.93036231994645,0.7125748502994012
SAC,RL,3.0,ra_plus_50,ramp,0.5152314291040618,0.6027153685649391,0.8363083906043727,142.78124957106337,16.769793069601008,0.0019960079840319
SAC,RL,3.0,ra_plus_50,sine,19.587446546525737,1545.6705893254389,1.167872781001165,205.30108024429416,18.72342297697084,0.5948103792415169
SAC,RL,3.0,j_plus_50,step_nominal,18.32032120542252,1216.1251019372082,0.1764967868252682,211.77390669581885,18.39063718891162,0.720558882235529
SAC,RL,3.0,j_plus_50,step_load_disturbance,18.64936672980677,1226.7943207843116,0.1673384499472234,221.56920443154604,19.42524164199844,0.7524950099800399
SAC,RL,3.0,j_plus_50,ramp,0.4862927322747794,0.5143219786554594,0.7765724946667518,145.91217453187443,16.81444623756404,0.0119760479041916
SAC,RL,3.0,j_plus_50,sine,20.73612367554951,1666.053553996203,1.1656376547520892,211.15121459603117,19.04101898950354,0.6327345309381237
SAC,RL,3.0,friction,step_nominal,12.53648196609873,829.0001063344421,0.0076640113079946,146.2919326484134,13.652758002519944,0.4930139720558882
SAC,RL,3.0,friction,step_load_disturbance,12.531608699412656,829.6017185816335,0.1791702802148052,152.35459111316348,14.716334829330744,0.500998003992016
SAC,RL,3.0,friction,ramp,0.4779278791975238,0.5063041937312579,0.6548304185083538,75.1789223358526,12.123040333807422,0.0
SAC,RL,3.0,friction,sine,15.820582663944425,1195.9750607821172,0.8392125044025533,165.5816680664934,16.056901851585394,0.497005988023952
SAC,RL,3.0,saturation,step_nominal,26.940787110977677,1805.0384239789296,7.922247162385119,287.7119999999777,23.976,0.998003992015968
SAC,RL,3.0,saturation,step_load_disturbance,28.517745020124764,1898.9442789255693,18.426330494000013,287.7119999999777,23.976,0.998003992015968
SAC,RL,3.0,saturation,ramp,2.723130632380563,17.496448045087128,9.495937857817353,278.1188545959325,23.413657459199385,0.940119760479042
SAC,RL,3.0,saturation,sine,26.94078711097768,2198.194417903253,7.922247162375385,287.7119999999777,23.976,0.998003992015968
SAC,RL,3.0,combined_stress,step_nominal,29.81582340925516,2045.102257016664,19.95497979276737,287.7119999999777,23.976,0.998003992015968
SAC,RL,3.0,combined_stress,step_load_disturbance,31.379524632413023,2167.610659306989,30.325407092927847,287.7119999999777,23.976,0.998003992015968
SAC,RL,3.0,combined_stress,ramp,5.489874030196235,76.86475018082349,21.280986187823743,280.63727829565624,23.5386350728273,0.9600798403193612
SAC,RL,3.0,combined_stress,sine,29.815823409255163,2399.969373961576,19.95497979275764,287.7119999999777,23.976,0.998003992015968
SAC,RL,4.0,nominal,step_nominal,12.311496199340755,811.3417579615185,0.4458869251625117,142.28390373375822,13.247355790853849,0.4790419161676646
SAC,RL,4.0,nominal,step_load_disturbance,12.310971128796291,811.7703955019393,0.3988543135768196,148.1119422702056,14.328485782623604,0.4890219560878243
SAC,RL,4.0,nominal,ramp,0.160684929166859,0.0571392185037581,0.5197581244532898,68.51361844933363,11.668879234313929,0.0
SAC,RL,4.0,nominal,sine,15.582830483244964,1171.41658738137,0.8183263199853172,162.82424903583393,15.878031821050014,0.4890219560878243
SAC,RL,4.0,ra_plus_50,step_nominal,16.876179568991798,1108.7488628257895,0.4800898344063995,198.28882560768744,17.441951888799878,0.6746506986027944
SAC,RL,4.0,ra_plus_50,step_load_disturbance,17.24547041838168,1119.4239900351936,0.3327269171443276,213.40302199117747,19.0217387142183,0.718562874251497
SAC,RL,4.0,ra_plus_50,ramp,0.3377970297491396,0.2341977596067918,0.8892755453046135,140.61208219445058,16.72474057960506,0.0
SAC,RL,4.0,ra_plus_50,sine,19.602279758529964,1545.6998364001631,1.3350552458437903,204.47115333371545,18.66680013442057,0.5948103792415169
SAC,RL,4.0,j_plus_50,step_nominal,18.33741667049768,1216.1389661295348,0.485412003744301,211.5117894824785,18.438385576009928,0.718562874251497
SAC,RL,4.0,j_plus_50,step_load_disturbance,18.672335845500125,1226.805981100228,0.3970327382432685,222.4996270572849,19.51735224294677,0.7544910179640718
SAC,RL,4.0,j_plus_50,ramp,0.3654495064938782,0.2730123527505363,0.9624888206383132,140.40832095787607,16.71191340637203,0.0
SAC,RL,4.0,j_plus_50,sine,20.75662704081195,1666.092994589421,1.491855588932296,209.8277621429984,18.95243518548661,0.6287425149700598
SAC,RL,4.0,friction,step_nominal,12.565906057543286,829.0148940418695,0.4064001858274224,146.02168825481823,13.695443356037472,0.4890219560878243
SAC,RL,4.0,friction,step_load_disturbance,12.577755102332867,829.6218332715149,0.3634098514957031,152.52040094876884,14.777284369468989,0.500998003992016
SAC,RL,4.0,friction,ramp,0.1783210369235723,0.0690831581594516,0.5568688349234066,73.85279756354753,12.1165456409454,0.0
SAC,RL,4.0,friction,sine,15.844633068697036,1196.0155159236106,0.8581759271148854,164.9769104057434,15.995755321212371,0.4950099800399201
SAC,RL,4.0,saturation,step_nominal,26.940787110977677,1805.0384239789296,7.922247162385119,287.7119999999777,23.976,0.998003992015968
SAC,RL,4.0,saturation,step_load_disturbance,28.517745020124764,1898.9442789255693,18.426330494000013,287.7119999999777,23.976,0.998003992015968
SAC,RL,4.0,saturation,ramp,2.365567092879446,13.90972888772226,8.80007227530281,275.08948505065405,23.348502288818302,0.8882235528942116
SAC,RL,4.0,saturation,sine,26.94078711097768,2198.194417903253,7.922247162375385,287.7119999999777,23.976,0.998003992015968
SAC,RL,4.0,combined_stress,step_nominal,29.81582340925516,2045.102257016664,19.95497979276737,287.7119999999777,23.976,0.998003992015968
SAC,RL,4.0,combined_stress,step_load_disturbance,31.379524632413023,2167.610659306989,30.325407092927847,287.7119999999777,23.976,0.998003992015968
SAC,RL,4.0,combined_stress,ramp,5.09764324584633,68.54750261595873,20.509542357171934,282.8619247689745,23.72024431610105,0.9640718562874252
SAC,RL,4.0,combined_stress,sine,29.815823409255163,2399.969373961576,19.95497979275764,287.7119999999777,23.976,0.998003992015968
SAC,RL,5.0,nominal,step_nominal,12.326321174355332,811.3562475633355,0.4972272672667941,142.962172899807,13.255877574921,0.4850299401197604
SAC,RL,5.0,nominal,step_load_disturbance,12.323610655424984,811.7777998305517,0.3762598905358629,148.6462102691415,14.327963811397868,0.4910179640718562
SAC,RL,5.0,nominal,ramp,0.1551918587432263,0.0513216703638561,0.226507967633907,69.18609494728234,11.699395642757375,0.0
SAC,RL,5.0,nominal,sine,15.56456928630988,1171.386508715616,0.5548222894048962,163.43899308600675,15.926431122720505,0.4890219560878243
SAC,RL,5.0,ra_plus_50,step_nominal,16.885817198325466,1108.7583113360388,0.5573414309316149,198.86899134820567,17.45463481259367,0.6786427145708582
SAC,RL,5.0,ra_plus_50,step_load_disturbance,17.247838258071283,1119.4254205857765,0.3404417949635103,213.47727665313656,19.02309433937089,0.718562874251497
SAC,RL,5.0,ra_plus_50,ramp,0.3387605083851406,0.231896219192851,0.6091919310556477,141.95613240023843,16.767947972059204,0.0
SAC,RL,5.0,ra_plus_50,sine,19.58351163951356,1545.6608078420436,1.0277489995100666,205.6090322567431,18.73477951562422,0.5968063872255489
SAC,RL,5.0,j_plus_50,step_nominal,18.345877289394245,1216.1468682506927,0.5618628414976286,212.3118596687629,18.45356748724002,0.7265469061876247
SAC,RL,5.0,j_plus_50,step_load_disturbance,18.67432007012772,1226.807238053245,0.4076124015334272,222.79160021553912,19.519930426120904,0.7564870259481038
SAC,RL,5.0,j_plus_50,ramp,0.3622658726829812,0.2668142322268247,0.6206333046913812,141.93308298237852,16.764914772152856,0.0
SAC,RL,5.0,j_plus_50,sine,20.73431499480907,1666.0458861331117,1.0690436024088257,211.4976548811524,19.05321362093107,0.6227544910179641
SAC,RL,5.0,friction,step_nominal,12.58127490175602,829.0287930040645,0.4655056296251985,146.69176724162554,13.704882268429136,0.4950099800399201
SAC,RL,5.0,friction,step_load_disturbance,12.589841571504126,829.6281471175924,0.3503232017507542,153.0533648713322,14.778175305843654,0.5029940119760479
SAC,RL,5.0,friction,ramp,0.1732408768295228,0.0632631274762634,0.2610245679856291,74.5626032263597,12.146550225853884,0.0
SAC,RL,5.0,friction,sine,15.826481243058923,1195.9855348571946,0.5956607216306224,165.59339023573256,16.044961568311116,0.497005988023952
SAC,RL,5.0,saturation,step_nominal,26.940787110977677,1805.0384239789296,7.922247162385119,287.7119999999777,23.976,0.998003992015968
SAC,RL,5.0,saturation,step_load_disturbance,28.517745020124764,1898.9442789255693,18.426330494000013,287.7119999999777,23.976,0.998003992015968
SAC,RL,5.0,saturation,ramp,2.505596497225082,15.23624533460533,9.06749021875966,275.5034682169445,23.32497374403471,0.9001996007984032
SAC,RL,5.0,saturation,sine,26.94078711097768,2198.194417903253,7.922247162375385,287.7119999999777,23.976,0.998003992015968
SAC,RL,5.0,combined_stress,step_nominal,29.81582340925516,2045.102257016664,19.95497979276737,287.7119999999777,23.976,0.998003992015968
SAC,RL,5.0,combined_stress,step_load_disturbance,31.379524632413023,2167.610659306989,30.325407092927847,287.7119999999777,23.976,0.998003992015968
SAC,RL,5.0,combined_stress,ramp,5.309331037579646,72.98096972219611,20.92821836377898,281.03399969265445,23.585485563755004,0.9540918163672656
SAC,RL,5.0,combined_stress,sine,29.815823409255163,2399.969373961576,19.95497979275764,287.7119999999777,23.976,0.998003992015968
SAC,RL,6.0,nominal,step_nominal,12.294116842932384,811.3252439271374,0.3901452416542099,142.80880908712808,13.243037228107802,0.4850299401197604
SAC,RL,6.0,nominal,step_load_disturbance,12.314314543928552,811.7709496020507,0.3174145646208757,148.5301275792985,14.321361113071756,0.4910179640718562
SAC,RL,6.0,nominal,ramp,0.1941169370881383,0.094911929441964,0.67515115106184,68.30222457061403,11.65093059921261,0.0
SAC,RL,6.0,nominal,sine,15.49775832772488,1171.2588158220465,0.7766832640619867,163.4489478041004,15.932438210879711,0.4910179640718562
SAC,RL,6.0,ra_plus_50,step_nominal,16.86549890462012,1108.7385832871068,0.4330907675370667,198.54847856013996,17.434208305835938,0.6786427145708582
SAC,RL,6.0,ra_plus_50,step_load_disturbance,17.243456956602056,1119.4228286304117,0.2897372335224162,213.28017293707663,19.014969636917275,0.716566866267465
SAC,RL,6.0,ra_plus_50,ramp,0.3640775411005197,0.2834221600861928,1.069889195076783,140.10587849096248,16.695283107757525,0.0
SAC,RL,6.0,ra_plus_50,sine,19.556050256140747,1545.6123506076265,1.1323395850414926,205.39375059662584,18.72001792103069,0.6127744510978044
SAC,RL,6.0,j_plus_50,step_nominal,18.328540384941505,1216.1301509000473,0.4354656009871291,211.967504103064,18.43257903528232,0.7265469061876247
SAC,RL,6.0,j_plus_50,step_load_disturbance,18.67051390003192,1226.8045922910037,0.3618344484972198,222.50338668515045,19.51184655761733,0.7544910179640718
SAC,RL,6.0,j_plus_50,ramp,0.3842182932841061,0.3163296031095758,1.1293730311429755,139.93749503480146,16.685020538330036,0.0
SAC,RL,6.0,j_plus_50,sine,20.716187511907467,1666.019429477026,1.1984274411889402,211.21184872151045,19.02968957032279,0.6427145708582834
SAC,RL,6.0,friction,step_nominal,12.54972449784162,829.000546018665,0.3519975242800512,146.50678120503568,13.6913528671268,0.4950099800399201
SAC,RL,6.0,friction,step_load_disturbance,12.579867207271429,829.6214725170478,0.2807160267200999,152.92496564751738,14.770420141220391,0.5029940119760479
SAC,RL,6.0,friction,ramp,0.2112505814644586,0.1090551968447604,0.715264288429708,73.62928097700512,12.098316881179771,0.0
SAC,RL,6.0,friction,sine,15.762740607872413,1195.869953421078,0.8142768662167725,165.5060941543515,16.042665529552522,0.497005988023952
SAC,RL,6.0,saturation,step_nominal,26.940787110977677,1805.0384239789296,7.922247162385119,287.7119999999777,23.976,0.998003992015968
SAC,RL,6.0,saturation,step_load_disturbance,28.517745020124764,1898.9442789255693,18.426330494000013,287.7119999999777,23.976,0.998003992015968
SAC,RL,6.0,saturation,ramp,2.276549067673784,13.001669545527498,8.59976440740472,279.3670035256713,23.547019018173184,0.934131736526946
SAC,RL,6.0,saturation,sine,26.94078711097768,2198.194417903253,7.922247162375385,287.7119999999777,23.976,0.998003992015968
SAC,RL,6.0,combined_stress,step_nominal,29.81582340925516,2045.102257016664,19.95497979276737,287.7119999999777,23.976,0.998003992015968
SAC,RL,6.0,combined_stress,step_load_disturbance,31.379524632413023,2167.610659306989,30.325407092927847,287.7119999999777,23.976,0.998003992015968
SAC,RL,6.0,combined_stress,ramp,5.0954570246890265,68.50176016380762,20.50512744719134,282.92316982283734,23.72300197601316,0.9660678642714572
SAC,RL,6.0,combined_stress,sine,29.815823409255163,2399.969373961576,19.95497979275764,287.7119999999777,23.976,0.998003992015968
SAC,RL,7.0,nominal,step_nominal,12.3029627797495,811.3332986063206,0.4854308143438146,142.7791433549481,13.252751095295302,0.4850299401197604
SAC,RL,7.0,nominal,step_load_disturbance,12.327093107755651,811.7807619688497,0.4220156838170084,148.65709679248755,14.33287967157395,0.4930139720558882
SAC,RL,7.0,nominal,ramp,0.2064238285672498,0.1023027391053385,0.3139304504887263,69.34966185003746,11.728715921878775,0.0
SAC,RL,7.0,nominal,sine,15.563860973329223,1171.3875793706018,0.5849265485549751,162.79403794362074,15.86088300649848,0.4890219560878243
SAC,RL,7.0,ra_plus_50,step_nominal,16.87468733789717,1108.7469448506488,0.5127148797391641,198.71983177131096,17.44706227970145,0.6786427145708582
SAC,RL,7.0,ra_plus_50,step_load_disturbance,17.250175914706993,1119.427042141154,0.3615666502844874,213.4673143534328,19.026481095791024,0.718562874251497
SAC,RL,7.0,ra_plus_50,ramp,0.3868915881517293,0.3116094951692834,0.6878294357475312,141.92440903325445,16.793113131046248,0.0
SAC,RL,7.0,ra_plus_50,sine,19.58723411068375,1545.6719612818229,1.123186023840205,204.84763531039576,18.686425211779948,0.5968063872255489
SAC,RL,7.0,j_plus_50,step_nominal,18.336941212953768,1216.1377591628786,0.5158690408130155,212.15400393645612,18.44611758112925,0.7265469061876247
SAC,RL,7.0,j_plus_50,step_load_disturbance,18.676197087745383,1226.8088922485165,0.4287264029206596,222.6995728002278,19.52326800823226,0.7564870259481038
SAC,RL,7.0,j_plus_50,ramp,0.3979553881563248,0.3294828148237617,0.67864913394979,142.02916597149522,16.797822329521132,0.0
SAC,RL,7.0,j_plus_50,sine,20.733858784578917,1666.048116000254,1.109109551839623,210.8340547088728,19.00856781215982,0.6227544910179641
SAC,RL,7.0,friction,step_nominal,12.558161764497882,829.0075893766725,0.4488213401197782,146.5082813119833,13.701780829191543,0.4950099800399201
SAC,RL,7.0,friction,step_load_disturbance,12.592061344264954,829.6299308376235,0.3867215259889747,153.049211518518,14.78204773569137,0.5049900199600799
SAC,RL,7.0,friction,ramp,0.2230583055052607,0.116177864015891,0.3466844097570742,74.66030005777927,12.17159833145138,0.0
SAC,RL,7.0,friction,sine,15.825026767682711,1195.98629334899,0.6189484705169406,164.9814080604596,15.98464084765341,0.4950099800399201
SAC,RL,7.0,saturation,step_nominal,26.940787110977677,1805.0384239789296,7.922247162385119,287.7119999999777,23.976,0.998003992015968
SAC,RL,7.0,saturation,step_load_disturbance,28.517745020124764,1898.9442789255693,18.426330494000013,287.7119999999777,23.976,0.998003992015968
SAC,RL,7.0,saturation,ramp,2.5786708103731395,16.033826051847978,9.227359921200543,275.02298414016377,23.322203801155037,0.906187624750499
SAC,RL,7.0,saturation,sine,26.94078711097768,2198.194417903253,7.922247162375385,287.7119999999777,23.976,0.998003992015968
SAC,RL,7.0,combined_stress,step_nominal,29.81582340925516,2045.102257016664,19.95497979276737,287.7119999999777,23.976,0.998003992015968
SAC,RL,7.0,combined_stress,step_load_disturbance,31.379524632413023,2167.610659306989,30.325407092927847,287.7119999999777,23.976,0.998003992015968
SAC,RL,7.0,combined_stress,ramp,5.338826009653986,73.65786469594785,20.99133032815668,280.52406901315385,23.58963102293012,0.9481037924151696
SAC,RL,7.0,combined_stress,sine,29.815823409255163,2399.969373961576,19.95497979275764,287.7119999999777,23.976,0.998003992015968
SAC,RL,8.0,nominal,step_nominal,12.315906866354332,811.3452397955017,0.513524388417423,142.94886098803045,13.256972177267423,0.4850299401197604
SAC,RL,8.0,nominal,step_load_disturbance,12.254542223623732,811.7435690196851,0.1772333146661537,148.41058760010355,14.303315330505685,0.4930139720558882
SAC,RL,8.0,nominal,ramp,0.141485505404648,0.0414016177604628,0.2269698496819643,69.53053829504258,11.736239648342098,0.0
SAC,RL,8.0,nominal,sine,15.52877675671993,1171.3256494955815,0.4767575610864867,163.7228049280608,15.94414717651822,0.4910179640718562
SAC,RL,8.0,ra_plus_50,step_nominal,16.876787337188357,1108.748820225036,0.5023874715662373,198.81376391346575,17.44560773801825,0.6786427145708582
SAC,RL,8.0,ra_plus_50,step_load_disturbance,17.216610993614687,1119.4127814209771,0.1112159217246215,212.98891881763197,18.985655833244486,0.718562874251497
SAC,RL,8.0,ra_plus_50,ramp,0.3342897816556812,0.2244909438083148,0.6127443904620691,142.32505622240907,16.805505998611412,0.0
SAC,RL,8.0,ra_plus_50,sine,19.56477515804746,1545.6247435065766,1.013464366808364,205.65551147259933,18.749248669699003,0.5968063872255489
SAC,RL,8.0,j_plus_50,step_nominal,18.33821322549309,1216.138825770338,0.503634703831608,212.2475452948692,18.44444044303912,0.7265469061876247
SAC,RL,8.0,j_plus_50,step_load_disturbance,18.65034308103452,1226.7937789728846,0.2052447399817225,222.32940157990524,19.487148608684684,0.7564870259481038
SAC,RL,8.0,j_plus_50,ramp,0.3594630295411581,0.2609544590348737,0.6631499256989741,142.15973280983945,16.793775097608524,0.0
SAC,RL,8.0,j_plus_50,sine,20.712563597714706,1666.008581485053,0.9949540243033396,211.57962760947547,19.0778399934286,0.6227544910179641
SAC,RL,8.0,friction,step_nominal,12.570887425850716,829.0185188976118,0.4766635771871819,146.6779297398755,13.705397570133544,0.4950099800399201
SAC,RL,8.0,friction,step_load_disturbance,12.52163684709345,829.5989014484247,0.137258078247271,152.7818672130463,14.75211400938064,0.5049900199600799
SAC,RL,8.0,friction,ramp,0.1601771943668882,0.0524796670703298,0.2626499932462138,74.81926243609804,12.177124932527509,0.0
SAC,RL,8.0,friction,sine,15.789566523490908,1195.9239503987526,0.5104621581776598,165.8413035018802,16.062904188979672,0.497005988023952
SAC,RL,8.0,saturation,step_nominal,26.940787110977677,1805.0384239789296,7.922247162385119,287.7119999999777,23.976,0.998003992015968
SAC,RL,8.0,saturation,step_load_disturbance,28.517745020124764,1898.9442789255693,18.426330494000013,287.7119999999777,23.976,0.998003992015968
SAC,RL,8.0,saturation,ramp,2.37119426661032,13.858529648840046,8.782401138893519,282.7196962631106,23.68975066065786,0.9580838323353292
SAC,RL,8.0,saturation,sine,26.94078711097768,2198.194417903253,7.922247162375385,287.7119999999777,23.976,0.998003992015968
SAC,RL,8.0,combined_stress,step_nominal,29.81582340925516,2045.102257016664,19.95497979276737,287.7119999999777,23.976,0.998003992015968
SAC,RL,8.0,combined_stress,step_load_disturbance,31.379524632413023,2167.610659306989,30.325407092927847,287.7119999999777,23.976,0.998003992015968
SAC,RL,8.0,combined_stress,ramp,5.20823604318412,70.79027024477435,20.722973268464088,283.9283799714241,23.74005180835722,0.9780439121756488
SAC,RL,8.0,combined_stress,sine,29.815823409255163,2399.969373961576,19.95497979275764,287.7119999999777,23.976,0.998003992015968
SAC,RL,9.0,nominal,step_nominal,12.269372148170516,811.3104885413512,0.453451477124986,142.59023647956445,13.246307738781324,0.4810379241516966
SAC,RL,9.0,nominal,step_load_disturbance,12.321571277567996,811.7767552602494,0.3970406276659588,148.40773829091506,14.329838736534432,0.4910179640718562
SAC,RL,9.0,nominal,ramp,0.1454179841070368,0.0459450890153062,0.2610524258813171,69.38670499516971,11.726720068216288,0.0
SAC,RL,9.0,nominal,sine,15.581044494218196,1171.4079922764538,1.2125394595032617,162.8420711405136,15.887674522616232,0.4890219560878243
SAC,RL,9.0,ra_plus_50,step_nominal,16.862984387778518,1108.7371028550144,0.4557848672785809,198.423514381526,17.43750539016745,0.6766467065868264
SAC,RL,9.0,ra_plus_50,step_load_disturbance,17.248115051884454,1119.4257276260978,0.3431490223536002,213.3746840567681,19.023479800224464,0.718562874251497
SAC,RL,9.0,ra_plus_50,ramp,0.349484918154801,0.2499008928444951,0.6832608933048192,141.953033394538,16.78511063098903,0.0
SAC,RL,9.0,ra_plus_50,sine,19.616136313566848,1545.7384866700502,1.6228412888990391,204.4003217949258,18.66325935199874,0.6207584830339321
SAC,RL,9.0,j_plus_50,step_nominal,18.328882278748065,1216.1305818150338,0.4618838565075265,211.9765784602061,18.435947872162046,0.7225548902195609
SAC,RL,9.0,j_plus_50,step_load_disturbance,18.67490283917656,1226.8079453068112,0.4166890364586919,222.62618818128556,19.52130399036422,0.7564870259481038
SAC,RL,9.0,j_plus_50,ramp,0.3411685806895729,0.2358836268474931,0.685314452520501,142.052945265492,16.787204206228218,0.0
SAC,RL,9.0,j_plus_50,sine,20.761292119524665,1666.1148457423333,1.2929001185749485,211.7747618827712,19.056147406066,0.6626746506986028
SAC,RL,9.0,friction,step_nominal,12.522586581451868,828.9861710079755,0.4107229759330408,146.29559000725442,13.693902514696454,0.4930139720558882
SAC,RL,9.0,friction,step_load_disturbance,12.586457929090257,829.626242020999,0.3605514451603255,152.82873821246432,14.77887739944488,0.5029940119760479
SAC,RL,9.0,friction,ramp,0.1639676191802906,0.0575062133717273,0.2989187947698184,74.68698023483918,12.168123498439751,0.0
SAC,RL,9.0,friction,sine,15.842462809696292,1196.008854404758,1.260178267813984,164.9312531620203,16.005058769718072,0.497005988023952
SAC,RL,9.0,saturation,step_nominal,26.940787110977677,1805.0384239789296,7.922247162385119,287.7119999999777,23.976,0.998003992015968
SAC,RL,9.0,saturation,step_load_disturbance,28.517745020124764,1898.9442789255693,18.426330494000013,287.7119999999777,23.976,0.998003992015968
SAC,RL,9.0,saturation,ramp,2.625445309616381,16.51177408691979,9.31757712810952,275.3904498616751,23.313515113592093,0.9121756487025948
SAC,RL,9.0,saturation,sine,26.94078711097768,2198.194417903253,7.922247162375385,287.7119999999777,23.976,0.998003992015968
SAC,RL,9.0,combined_stress,step_nominal,29.81582340925516,2045.102257016664,19.95497979276737,287.7119999999777,23.976,0.998003992015968
SAC,RL,9.0,combined_stress,step_load_disturbance,31.379524632413023,2167.610659306989,30.325407092927847,287.7119999999777,23.976,0.998003992015968
SAC,RL,9.0,combined_stress,ramp,5.355859150645825,74.01415075949622,21.02391908324735,280.3099854332668,23.567226308107344,0.9481037924151696
SAC,RL,9.0,combined_stress,sine,29.815823409255163,2399.969373961576,19.95497979275764,287.7119999999777,23.976,0.998003992015968
TD3,RL,0.0,nominal,step_nominal,14.29663260355571,890.077761568707,8.150329403791673,126.7127978344771,14.473721838951338,0.1676646706586826
TD3,RL,0.0,nominal,step_load_disturbance,14.708680930989386,893.7030238691002,10.924936967364346,137.72312868760076,14.899932319641326,0.2055888223552894
TD3,RL,0.0,nominal,ramp,6.788965374083192,151.4621070687839,32.38399235497049,123.1653393846,15.458447217941162,0.0019960079840319
TD3,RL,0.0,nominal,sine,19.137420178526646,1364.1008850577869,16.786850698042457,150.02402927884853,16.22503237056742,0.1177644710578842
TD3,RL,0.0,ra_plus_50,step_nominal,22.952067426541173,1506.350393039955,7.309197604805604,165.51406921330383,18.149354555130003,0.0
TD3,RL,0.0,ra_plus_50,step_load_disturbance,22.446202491303826,1485.2446010325452,6.667921675634403,211.72667383223728,20.127094707965785,0.4491017964071856
TD3,RL,0.0,ra_plus_50,ramp,2.332959950655368,16.5475115430581,11.303063550893356,180.1818526324752,18.710684038162064,0.0019960079840319
TD3,RL,0.0,ra_plus_50,sine,26.02442216089864,2169.380369667276,3.878204399538504,162.65651243058755,17.440568834304784,0.12375249500998
TD3,RL,0.0,j_plus_50,step_nominal,23.38775714149134,1497.7434976022146,0.6450482873719068,147.41060231484624,17.074553863525445,0.0
TD3,RL,0.0,j_plus_50,step_load_disturbance,22.17682795239157,1452.2720949753846,8.892624824062324,207.74310361341597,20.020509246826133,0.3712574850299401
TD3,RL,0.0,j_plus_50,ramp,1.4738457234989233,5.718323026657101,6.415690847478842,164.07548610617525,17.889954284667827,0.0019960079840319
TD3,RL,0.0,j_plus_50,sine,24.89515986460719,2111.283365383209,0.1809500505773229,147.32296018453468,16.86843336486809,0.0279441117764471
TD3,RL,0.0,friction,step_nominal,14.630191684494871,912.4292143847308,8.065306123696061,129.64169973849744,14.770274897575591,0.1676646706586826
TD3,RL,0.0,friction,step_load_disturbance,14.889263006496307,913.5464594099356,10.032615743983044,141.5740429966963,15.243718537330825,0.217564870259481
TD3,RL,0.0,friction,ramp,6.343946361516646,135.7057926947941,30.98119076216254,127.56962507971603,15.740940362930177,0.0019960079840319
TD3,RL,0.0,friction,sine,19.47576428359429,1400.4617709894708,16.107783668865082,146.8079934169921,16.032833051681617,0.0898203592814371
TD3,RL,0.0,saturation,step_nominal,29.97088048240739,2056.027579933999,20.50246780183481,142.23771616520904,16.803756938934345,0.0059880239520958
TD3,RL,0.0,saturation,step_load_disturbance,31.094784680518583,2144.961167147465,27.539593979299696,166.77949722699236,18.13812693405149,0.0059880239520958
TD3,RL,0.0,saturation,ramp,5.040731179452827,62.89253756926622,18.391000245880804,158.42209726050584,17.64500706863392,0.0019960079840319
TD3,RL,0.0,saturation,sine,31.35559425558877,2567.228497527792,24.27482680012972,124.72424837884762,15.502214273452664,0.0
TD3,RL,0.0,combined_stress,step_nominal,35.049345119884656,2622.0224844338445,36.90535929140522,141.0036114001603,16.3568136634826,0.0
TD3,RL,0.0,combined_stress,step_load_disturbance,36.74126581833185,2805.235665497561,48.85207930316956,128.38072107634565,15.674511449813798,0.0
TD3,RL,0.0,combined_stress,ramp,26.728936164407035,1902.6075631445144,90.85654293830548,116.53622098112932,13.998988620757997,0.0259481037924151
TD3,RL,0.0,combined_stress,sine,36.35541453130599,3043.894029754747,43.34235087932817,106.55695567059826,14.054296331405627,0.0
TD3,RL,1.0,nominal,step_nominal,14.552581395543664,862.1194281928199,24.374355884950447,146.48102957240883,15.13487725257894,0.1497005988023952
TD3,RL,1.0,nominal,step_load_disturbance,16.39847577171045,919.025098208146,32.26793518405924,160.18295697620334,17.161085054397724,0.1157684630738523
TD3,RL,1.0,nominal,ramp,12.612432519210092,364.79677101329344,45.40275367295472,176.9432660383725,17.531231637954843,0.281437125748503
TD3,RL,1.0,nominal,sine,19.165880415474376,1249.7179945232665,24.8058829301213,148.67531053045283,15.386881402969612,0.3512974051896207
TD3,RL,1.0,ra_plus_50,step_nominal,29.48885255304749,2035.7551040756011,13.016243505775703,110.14332256459554,14.610427724838193,0.0
TD3,RL,1.0,ra_plus_50,step_load_disturbance,32.34742561720162,2255.3784649519243,39.11966809329931,73.6246798561953,12.048886370658895,0.0
TD3,RL,1.0,ra_plus_50,ramp,3.444096657919361,26.139220307342683,7.687821372056462,187.20650360704644,18.266074615478654,0.3293413173652694
TD3,RL,1.0,ra_plus_50,sine,26.03974209992456,2173.2454240816905,4.637673594901273,160.67993340733693,17.58046953392021,0.0
TD3,RL,1.0,j_plus_50,step_nominal,24.89982241557892,1696.6014113034316,6.040866831553132,162.13775087595872,17.828595098495388,0.0
TD3,RL,1.0,j_plus_50,step_load_disturbance,27.3752631478962,1800.5561159434576,17.27560186825839,117.0285230945708,15.161126277923572,0.0
TD3,RL,1.0,j_plus_50,ramp,3.5265787297513502,27.214033143121647,10.057934513846917,197.47581544001292,19.15977578735365,0.3233532934131736
TD3,RL,1.0,j_plus_50,sine,24.05837439205201,1862.132040267139,9.84355246226488,177.50191379378683,18.62072074317937,0.029940119760479
TD3,RL,1.0,friction,step_nominal,14.853351923877248,883.5035256602808,24.150031988307788,150.13576124333855,15.540425352096747,0.1437125748502994
TD3,RL,1.0,friction,step_load_disturbance,16.962235962747794,950.8519333309838,32.268770765737656,163.3963468666018,17.573658167839174,0.0998003992015968
TD3,RL,1.0,friction,ramp,11.924382749154322,324.9070023501,42.622389150373166,178.71606433032292,17.665588811874517,0.2894211576846307
TD3,RL,1.0,friction,sine,19.274728117645097,1271.2823377150378,23.625382358199715,150.86144447804395,15.665062086105587,0.3333333333333333
TD3,RL,1.0,saturation,step_nominal,30.893870905121368,2170.3822606076715,21.28780856494933,140.1587362416783,16.531475049972418,0.0
TD3,RL,1.0,saturation,step_load_disturbance,32.73598324435207,2326.5453255689367,33.008060361041046,130.8533089067279,15.984247014999292,0.0
TD3,RL,1.0,saturation,ramp,3.313532328816791,32.73886179136002,14.76703875338697,208.47592282083303,20.00550053024301,0.3952095808383233
TD3,RL,1.0,saturation,sine,30.44252142781265,2475.520762651279,20.89715979135501,144.84292315717715,16.780608690261797,0.0119760479041916
TD3,RL,1.0,combined_stress,step_nominal,36.3171184276558,2788.7856763560185,42.489638602942286,109.5323134115116,14.287353672027413,0.0039920159680638
TD3,RL,1.0,combined_stress,step_load_disturbance,39.35684706417043,3163.1134101796747,61.89191613484544,74.80708405617798,11.470187910079872,0.0039920159680638
TD3,RL,1.0,combined_stress,ramp,7.2053004991344745,145.62756486687704,30.717990167347267,194.59839564576995,19.09442052650457,0.4570858283433133
TD3,RL,1.0,combined_stress,sine,37.01881013501443,3131.842798053077,49.20486510664183,86.77589337224234,12.362465429305974,0.0
TD3,RL,2.0,nominal,step_nominal,14.25573074821991,850.6455812155709,11.60155222461671,123.42369205992702,13.899394606590546,0.1017964071856287
TD3,RL,2.0,nominal,step_load_disturbance,15.399405122241411,868.278562399332,11.250699598020503,119.0880860156466,12.831316606521918,0.1017964071856287
TD3,RL,2.0,nominal,ramp,6.836020812739093,128.05627754202777,7.161822025723453,136.76412019683232,15.135207562446684,0.0019960079840319
TD3,RL,2.0,nominal,sine,19.96569082700055,1289.3702689953975,19.176675071669123,163.43392631521726,16.77813594055194,0.2455089820359281
TD3,RL,2.0,ra_plus_50,step_nominal,24.043133349675333,1506.325080583446,11.806343427660892,125.20412373731276,15.120196887970115,0.0
TD3,RL,2.0,ra_plus_50,step_load_disturbance,27.86796783890645,1764.415422228933,15.164724669689448,153.7596857578414,16.579471745491126,0.1477045908183632
TD3,RL,2.0,ra_plus_50,ramp,3.711585543008275,42.36904799132788,3.4024077385428484,177.48761932339332,17.242880289077956,0.3013972055888224
TD3,RL,2.0,ra_plus_50,sine,24.56143955731891,1996.677738400612,0.0107083568209276,151.28244803764096,16.903413812637368,0.0159680638722554
TD3,RL,2.0,j_plus_50,step_nominal,21.73270545931171,1355.533985842353,7.764989220025342,141.1946531536321,15.87497916221634,0.0
TD3,RL,2.0,j_plus_50,step_load_disturbance,23.85959498924092,1461.7820091170568,8.63832713763638,153.96970308947266,16.702310995102053,0.0379241516966067
TD3,RL,2.0,j_plus_50,ramp,4.013349229025342,38.67230708592636,10.044481078938531,176.87312340509635,18.699346809387205,0.0019960079840319
TD3,RL,2.0,j_plus_50,sine,25.90520313259679,2057.254455135638,3.786233748789371,140.17401699345658,16.253989559173608,0.0079840319361277
TD3,RL,2.0,friction,step_nominal,14.482063392446603,869.1889918953693,11.114805049424618,127.2810452577181,14.280797321319842,0.0778443113772455
TD3,RL,2.0,friction,step_load_disturbance,15.748939162259054,889.8149724714716,11.466950081143963,120.94713560582848,13.098485919952694,0.0778443113772455
TD3,RL,2.0,friction,ramp,6.662203433415332,121.33125614506716,9.155343737935056,140.16861054567664,15.38434779834756,0.0019960079840319
TD3,RL,2.0,friction,sine,19.988381680946183,1307.7675920235906,17.962027643875317,160.95183305829838,16.59349276351947,0.2415169660678642
TD3,RL,2.0,saturation,step_nominal,29.97672006575904,2062.384243576685,21.04928412536887,142.88341290978536,16.73626202392577,0.0
TD3,RL,2.0,saturation,step_load_disturbance,32.39003949839305,2272.585591621269,31.47469278889882,164.29681994569543,17.37638293266293,0.1656686626746507
TD3,RL,2.0,saturation,ramp,2.0189930694371987,11.217151857362682,8.994775440135527,264.54923443896894,22.96644665336612,0.7305389221556886
TD3,RL,2.0,saturation,sine,30.62106752448976,2483.617748374958,21.063750913350887,144.09048143916203,16.72091065025322,0.0159680638722554
TD3,RL,2.0,combined_stress,step_nominal,34.63937362327239,2549.3572786928903,38.78636658884224,125.12872208451576,15.531720840454096,0.0159680638722554
TD3,RL,2.0,combined_stress,step_load_disturbance,36.869469868592006,2806.863258558524,51.13923794123898,126.43259785099887,15.316648177146911,0.0159680638722554
TD3,RL,2.0,combined_stress,ramp,7.165170252134236,179.04329643526438,44.49142526066393,201.65485550081095,18.760838627815414,0.4730538922155688
TD3,RL,2.0,combined_stress,sine,35.41896883787107,2931.0940278128214,42.01742382140406,112.86763444963296,14.528560888290368,0.0379241516966067
TD3,RL,3.0,nominal,step_nominal,17.066564861495017,997.9036794799996,24.07652046670235,124.20835164326002,14.966706332206856,0.0239520958083832
TD3,RL,3.0,nominal,step_load_disturbance,15.75951967395157,963.5168599441354,8.150894575246426,126.28495299469196,14.351036304474029,0.0199600798403193
TD3,RL,3.0,nominal,ramp,10.39695685283674,252.4150970241641,20.267607160387968,124.672140614549,14.421392904281692,0.0
TD3,RL,3.0,nominal,sine,19.50446904180057,1289.468699252737,19.573046801422123,127.82368637189634,14.549740557670802,0.0
TD3,RL,3.0,ra_plus_50,step_nominal,20.43724150294293,1317.0403402556396,17.76367538993175,207.2168960294892,20.0321070804596,0.3253493013972056
TD3,RL,3.0,ra_plus_50,step_load_disturbance,20.398554120359364,1321.1752778326118,9.6867618538288,220.6472781781772,20.360988632202137,0.4411177644710579
TD3,RL,3.0,ra_plus_50,ramp,3.60366006627731,34.57206173803294,5.790939851442076,181.7504656433608,17.591751615524025,0.4251497005988024
TD3,RL,3.0,ra_plus_50,sine,23.7031213415528,1777.4581953981913,18.38188955907438,213.65487264346825,20.076377780914317,0.2714570858283433
TD3,RL,3.0,j_plus_50,step_nominal,22.76253815184207,1468.989598787094,11.176889590134635,183.3876519650167,18.781970981597915,0.0798403193612774
TD3,RL,3.0,j_plus_50,step_load_disturbance,22.05251166320924,1430.9807946693395,10.323914257705113,198.160170873396,19.780118706703167,0.0399201596806387
TD3,RL,3.0,j_plus_50,ramp,2.778911969064478,22.297886688506544,3.7980605177260287,159.3993800765029,17.630359092712386,0.0
TD3,RL,3.0,j_plus_50,sine,23.2954281255548,1817.5949324457583,7.692070580878322,170.94901218688582,18.29331791877753,0.0
TD3,RL,3.0,friction,step_nominal,17.259480826506042,1018.4174722175292,23.39772654591546,128.00739860943088,15.314451254844784,0.0179640718562874
TD3,RL,3.0,friction,step_load_disturbance,16.054296706605708,987.1812400962966,8.846382210639916,131.36061382076673,14.849873415947094,0.0199600798403193
TD3,RL,3.0,friction,ramp,9.621554642510729,218.70803495915888,18.47647181494959,125.45058368275986,14.644508374214237,0.0
TD3,RL,3.0,friction,sine,19.623208309026797,1311.9704679264655,18.963720685747436,132.01886973575537,14.884143249511917,0.0
TD3,RL,3.0,saturation,step_nominal,30.66246153768736,2109.658037232685,24.18387363413804,127.9341857089405,15.659422481536913,0.0
TD3,RL,3.0,saturation,step_load_disturbance,30.774399350199232,2121.672632290613,24.77662172912774,202.24998729328496,19.796960615157992,0.3393213572854291
TD3,RL,3.0,saturation,ramp,3.7730129944784023,36.22337673079748,14.431086396908398,187.4288045155692,19.2860174236297,0.0
TD3,RL,3.0,saturation,sine,31.14896704873067,2536.9330604067304,22.513812932599336,133.68677125348498,16.11681156539906,0.0
TD3,RL,3.0,combined_stress,step_nominal,33.26459857871666,2398.399955496544,32.88364369563217,157.51675186990946,17.69805201911925,0.0
TD3,RL,3.0,combined_stress,step_load_disturbance,33.672751401734835,2436.8485521538096,36.006856432114745,229.91503166865132,21.15086919784533,0.5968063872255489
TD3,RL,3.0,combined_stress,ramp,11.188183300516837,308.6478205253455,37.03488406180724,165.2327191335619,16.877166379928383,0.3572854291417165
TD3,RL,3.0,combined_stress,sine,35.63023824417121,3007.0465198995025,37.790852439771,139.11639601852727,16.069035961150934,0.0638722554890219
TD3,RL,4.0,nominal,step_nominal,16.978073539624322,1005.0820027541712,7.549752046925874,97.03010730461548,13.062941617965883,0.029940119760479
TD3,RL,4.0,nominal,step_load_disturbance,16.118101114567416,981.5539382531916,0.2233061138165482,127.48554330652,13.691475683212444,0.029940119760479
TD3,RL,4.0,nominal,ramp,1.7434353898966035,8.228932216004441,6.820305151426908,83.3251038040604,12.53279696655274,0.0
TD3,RL,4.0,nominal,sine,18.584020766764773,1256.7084863712646,11.209256770254685,123.89244090173769,13.661390283584858,0.1117764471057884
TD3,RL,4.0,ra_plus_50,step_nominal,23.811834835902808,1602.6151270949915,0.3324866172093834,150.580812362561,17.005454804420435,0.0039920159680638
TD3,RL,4.0,ra_plus_50,step_load_disturbance,25.24565440477001,1673.2634218819617,2.8308454845815447,167.897317679949,18.05973192787163,0.0039920159680638
TD3,RL,4.0,ra_plus_50,ramp,2.1599157132217157,14.030941428986177,6.25957579744356,129.1821102445076,15.817485225677515,0.0
TD3,RL,4.0,ra_plus_50,sine,23.277182718922013,1830.887327987864,0.8378808580252723,157.36243691726042,17.12266709136971,0.0019960079840319
TD3,RL,4.0,j_plus_50,step_nominal,25.75296757823598,1760.7276346892218,1.3906171364408664,142.0579711659443,16.625120477676322,0.0
TD3,RL,4.0,j_plus_50,step_load_disturbance,25.70814980672623,1766.9045182461805,1.8565524109676943,172.29469478666425,18.21396745300281,0.0
TD3,RL,4.0,j_plus_50,ramp,2.63797899474832,22.933628729078396,9.232970891228064,121.2828419105178,15.301719261169431,0.0
TD3,RL,4.0,j_plus_50,sine,25.661955643504253,2150.5377202063046,2.418615544902792,153.30613623740902,17.241219190597413,0.0
TD3,RL,4.0,friction,step_nominal,17.128724036592352,1024.0205045521725,7.580233240513536,105.8088782447896,13.501864998817602,0.0259481037924151
TD3,RL,4.0,friction,step_load_disturbance,16.042944246186423,1000.4219321463246,1.8617440575555837,129.88882838819814,13.875729458809046,0.0259481037924151
TD3,RL,4.0,friction,ramp,1.3740817236647165,5.829870584064343,5.417566864052802,86.40435046567633,12.815913921356207,0.0
TD3,RL,4.0,friction,sine,18.583379622624584,1282.8326868593306,9.528238801525177,125.68294714709774,13.832712480545291,0.0838323353293413
TD3,RL,4.0,saturation,step_nominal,32.21733429154544,2285.286989710883,28.296203378919728,101.98358969703612,14.071773289680491,0.0019960079840319
TD3,RL,4.0,saturation,step_load_disturbance,32.43490440939394,2303.06859415556,30.298754195069392,155.03382499560553,17.207590833663847,0.0
TD3,RL,4.0,saturation,ramp,5.889226988564176,93.72974510314856,22.69204790353929,137.303263449884,16.20320940399169,0.0
TD3,RL,4.0,saturation,sine,30.960531544745574,2548.4984571559958,20.096560933100363,156.2792670189378,17.22811334800703,0.1037924151696606
TD3,RL,4.0,combined_stress,step_nominal,35.398428324648755,2667.6179876505166,36.07248020280106,160.6776251061054,16.990935096740635,0.3473053892215569
TD3,RL,4.0,combined_stress,step_load_disturbance,36.30441778739836,2756.4069720677626,45.451680554970295,154.87828267621958,17.09308631896964,0.0359281437125748
TD3,RL,4.0,combined_stress,ramp,8.641477315103401,207.799978513007,34.84376853820278,153.7804956810701,17.188329120636045,0.0
TD3,RL,4.0,combined_stress,sine,34.728931354724025,2911.845197633924,33.59070597397114,170.46966826452217,17.80281305503826,0.2395209580838323
TD3,RL,5.0,nominal,step_nominal,16.5560825763094,940.4652608452362,25.34116646849894,155.8659005681184,16.907560369491687,0.0099800399201596
TD3,RL,5.0,nominal,step_load_disturbance,14.5849710005781,890.8236340241058,10.38618511857841,141.68598097171036,15.893529905319356,0.0
TD3,RL,5.0,nominal,ramp,6.310762553598918,91.40600163697542,14.622260856452314,120.16091656016052,14.907903885841328,0.0379241516966067
TD3,RL,5.0,nominal,sine,23.746242702604217,1518.0703612388163,32.81827062566542,160.3075963210405,16.96707147693644,0.0379241516966067
TD3,RL,5.0,ra_plus_50,step_nominal,21.24449441853868,1348.1023166049065,12.992776078613645,184.89881232364863,19.15198756408696,0.0
TD3,RL,5.0,ra_plus_50,step_load_disturbance,21.295041295387907,1356.42513943815,9.253828153942962,205.98372415975783,20.180839799880992,0.1477045908183632
TD3,RL,5.0,ra_plus_50,ramp,5.142988360813382,62.63807599305869,6.452883913658425,134.32270383083107,15.586802740096832,0.0
TD3,RL,5.0,ra_plus_50,sine,27.956181282379124,2422.769698166177,4.478149792994898,147.01532019467194,16.018619844436383,0.1317365269461078
TD3,RL,5.0,j_plus_50,step_nominal,21.11232273096942,1357.7191675667027,12.609109737166278,184.0366845803131,19.09447622108461,0.0059880239520958
TD3,RL,5.0,j_plus_50,step_load_disturbance,21.02450767858801,1362.0307928220163,9.741873657812365,201.13908165348528,19.74746744060516,0.1776447105788423
TD3,RL,5.0,j_plus_50,ramp,1.8345925514542445,9.609103294384996,1.0386285626004366,152.7737007609687,16.94141934013352,0.0
TD3,RL,5.0,j_plus_50,sine,23.37054101735771,1827.7765041686807,10.643335839772432,182.6238396108533,18.81666515159608,0.0339321357285429
TD3,RL,5.0,friction,step_nominal,16.453826774739557,945.6527767800792,19.992660852894545,151.31903253034375,16.482416760444764,0.0079840319361277
TD3,RL,5.0,friction,step_load_disturbance,14.840459020487472,912.4987686887076,9.46648383720563,143.72928892051755,16.02586753177657,0.0
TD3,RL,5.0,friction,ramp,5.499572009734412,71.00193341565902,14.679311216550786,123.49645673551566,15.118261255264215,0.0339321357285429
TD3,RL,5.0,friction,sine,23.507352961498,1514.8094474648783,30.985998776817624,159.9453183653984,16.94014557552348,0.0379241516966067
TD3,RL,5.0,saturation,step_nominal,28.3285425374754,1925.343628161846,12.213373383851035,211.6318342888967,20.445088777542026,0.2315369261477046
TD3,RL,5.0,saturation,step_load_disturbance,30.224208248955787,2057.312438088049,24.66956540252569,189.80650056884969,19.385950891494694,0.0578842315369261
TD3,RL,5.0,saturation,ramp,5.792154354235235,84.39688484097066,18.95941937317859,166.89309836680548,17.764068363189562,0.1636726546906187
TD3,RL,5.0,saturation,sine,28.92300796008126,2339.860424503958,15.255970861996616,186.58467498502876,19.1264490451812,0.0758483033932135
TD3,RL,5.0,combined_stress,step_nominal,36.77221689382374,2842.6935537537297,40.253542037622296,163.51938740360663,16.63527076721176,0.3512974051896207
TD3,RL,5.0,combined_stress,step_load_disturbance,38.71140873524534,3069.300004620468,56.58789908985643,92.0362612516484,13.108006513595544,0.0
TD3,RL,5.0,combined_stress,ramp,12.600828217954826,424.82488784875375,46.49884243625016,100.75821033899902,13.170383497238095,0.1656686626746507
TD3,RL,5.0,combined_stress,sine,35.5041591635456,3064.7957901055224,33.36494124481004,202.2464063493187,18.777451238631816,0.5828343313373253
TD3,RL,6.0,nominal,step_nominal,21.00909745306636,1211.4248441151308,50.0,178.00714057395868,18.78931763458252,0.0019960079840319
TD3,RL,6.0,nominal,step_load_disturbance,18.21073214297533,1040.305073246956,12.50304562947204,129.58932419543697,15.431688265800585,0.0019960079840319
TD3,RL,6.0,nominal,ramp,18.127742647055506,787.3714788784339,50.00000000000775,171.0854638553678,18.356897075653155,0.0
TD3,RL,6.0,nominal,sine,21.22411445111282,1376.9274607420105,25.45707679323897,133.8604115793414,15.022959705352998,0.0019960079840319
TD3,RL,6.0,ra_plus_50,step_nominal,26.478052768131946,1763.5093712503322,3.019288938862033,136.82077294451477,16.33084360504148,0.0019960079840319
TD3,RL,6.0,ra_plus_50,step_load_disturbance,27.28443098337346,1810.1696099458172,7.835922963009068,151.85772567417672,17.167011903762763,0.0019960079840319
TD3,RL,6.0,ra_plus_50,ramp,4.189285726891656,41.34778397920218,13.3974988592541,185.3989352657013,19.193793828964257,0.0
TD3,RL,6.0,ra_plus_50,sine,25.88499447689436,1991.99534557104,11.508188223559998,122.39599229246194,15.05098957252514,0.0019960079840319
TD3,RL,6.0,j_plus_50,step_nominal,24.23370055489513,1583.2495968616597,3.720039841599146,155.0841933485997,17.505496742248535,0.0019960079840319
TD3,RL,6.0,j_plus_50,step_load_disturbance,24.508102124533607,1602.8231893810478,1.321494610502171,168.2534969027576,18.202459266662576,0.0019960079840319
TD3,RL,6.0,j_plus_50,ramp,5.16797038627664,64.12436593556406,16.16760105977245,194.23928204441708,19.67531826591494,0.0
TD3,RL,6.0,j_plus_50,sine,25.03672858998755,1955.0833663379976,9.667425601152402,126.58326473306649,15.388812543869118,0.0019960079840319
TD3,RL,6.0,friction,step_nominal,20.896516322403844,1210.2145092585192,50.0,178.67825262973804,18.83355607032775,0.0019960079840319
TD3,RL,6.0,friction,step_load_disturbance,18.46029349995206,1066.5323198695478,13.517465664563389,129.5524734495238,15.385238405227764,0.0019960079840319
TD3,RL,6.0,friction,ramp,17.374899472740218,724.8362714611699,50.00000000000775,174.77327262855536,18.579550018310616,0.0
TD3,RL,6.0,friction,sine,21.135137389103765,1397.0370594870997,21.16081547478167,132.95576161227558,14.917340696335058,0.0019960079840319
TD3,RL,6.0,saturation,step_nominal,29.799738288604708,2024.04277232339,21.27686621948128,144.7576824199121,16.73237038421635,0.0019960079840319
TD3,RL,6.0,saturation,step_load_disturbance,30.30019766424902,2061.464361627701,25.081662665641645,185.12442206350312,19.16532296562191,0.0099800399201596
TD3,RL,6.0,saturation,ramp,3.1840608292602903,28.020227111827705,14.146221697916744,189.7283230370047,19.45128250885009,0.0
TD3,RL,6.0,saturation,sine,31.157396773462736,2461.2518186494995,30.162250149709838,110.79625188945992,14.387654951095682,0.0279441117764471
TD3,RL,6.0,combined_stress,step_nominal,35.36941278547741,2639.3806240336794,40.0274855349652,129.58323020668445,15.369313945770283,0.0678642714570858
TD3,RL,6.0,combined_stress,step_load_disturbance,36.52316674144625,2762.597723330903,51.98329871827522,120.09845122911436,14.843859071731607,0.0019960079840319
TD3,RL,6.0,combined_stress,ramp,7.047220338556323,131.90157033025645,29.24332536857976,188.30142307742733,19.348057235717743,0.0
TD3,RL,6.0,combined_stress,sine,33.74386297671666,2754.2347257168617,36.17106958146127,141.7693046389067,16.57314253139498,0.0319361277445109
TD3,RL,7.0,nominal,step_nominal,14.239048939022403,849.7726956430209,17.93592382460872,135.73739029025435,14.761891025543484,0.3193612774451098
TD3,RL,7.0,nominal,step_load_disturbance,13.177142332987268,835.573809886361,0.842594900856227,140.2151234151528,14.162152227402023,0.3453093812375249
TD3,RL,7.0,nominal,ramp,5.991337280806517,145.46782844407608,43.55990730689497,158.52757765171657,16.633068386077877,0.2035928143712574
TD3,RL,7.0,nominal,sine,20.903835748041843,1358.4980842151072,2.0757313205319576,151.97339963623878,16.06636487388632,0.2415169660678642
TD3,RL,7.0,ra_plus_50,step_nominal,23.64533768562328,1582.2709799371723,3.331226973065256,154.6139208944615,17.475754627227733,0.0
TD3,RL,7.0,ra_plus_50,step_load_disturbance,28.09184078978995,1823.2390766279625,21.135871252986743,115.82941246316868,15.068805829048188,0.0
TD3,RL,7.0,ra_plus_50,ramp,1.567097945503714,7.288560030588413,7.576459410349727,135.30971311809762,15.73407772254943,0.0
TD3,RL,7.0,ra_plus_50,sine,29.383775805177795,2300.817629783873,16.00136755901056,114.39450874375598,14.359169204711904,0.0
TD3,RL,7.0,j_plus_50,step_nominal,23.73996110021056,1595.5822002371342,11.259412305838111,179.55205491761046,18.739334955215373,0.0499001996007984
TD3,RL,7.0,j_plus_50,step_load_disturbance,23.58848687783999,1582.9852881095553,7.324022264530058,193.81476039301427,19.39161692142476,0.2415169660678642
TD3,RL,7.0,j_plus_50,ramp,4.785915287526719,122.971766062077,42.47743920439711,177.0212079945575,18.14751782798759,0.0858283433133732
TD3,RL,7.0,j_plus_50,sine,24.339115694709538,1941.333185357905,2.188163125698381,162.25998306495867,17.38675309944154,0.0
TD3,RL,7.0,friction,step_nominal,20.216505144613524,1191.446715039113,50.0,166.8022529224513,18.068218585967983,0.0
TD3,RL,7.0,friction,step_load_disturbance,19.338291720683948,1138.2601378794525,8.397043006073261,112.62185574412013,14.47039635467538,0.0
TD3,RL,7.0,friction,ramp,5.638624515901441,121.92756908045628,47.15833561457103,159.9063914791089,16.80175244283674,0.2015968063872255
TD3,RL,7.0,friction,sine,20.84954450869479,1371.945360414475,2.396643235335844,149.3638368689501,15.891908586502288,0.2295409181636726
TD3,RL,7.0,saturation,step_nominal,30.556773496993216,2126.1874312163827,20.728557372932627,143.09206464441328,16.73097451019282,0.0
TD3,RL,7.0,saturation,step_load_disturbance,31.860549822283986,2230.9686438132485,30.609059741347167,153.14259989922942,17.250678886413507,0.0019960079840319
TD3,RL,7.0,saturation,ramp,4.757497444200147,55.02741309252187,16.856574443745586,172.49539832726057,18.40712628364553,0.0
TD3,RL,7.0,saturation,sine,29.932979995586965,2433.391732826159,18.5612915492474,160.7751202866428,17.692586585998455,0.0139720558882235
TD3,RL,7.0,combined_stress,step_nominal,37.46772979150272,2919.5713969067674,51.05299910945453,70.81278372854169,11.47861012840267,0.0
TD3,RL,7.0,combined_stress,step_load_disturbance,39.95657430669256,3242.64893654304,65.19690742151116,53.1722845801669,10.13314653205872,0.0
TD3,RL,7.0,combined_stress,ramp,12.199268828257082,436.131524806926,56.034652333428745,61.89070749114129,10.436963430404806,0.0
TD3,RL,7.0,combined_stress,sine,39.42418851966315,3422.397357929811,63.59382998721142,75.45776235581303,11.169822869300758,0.0578842315369261
TD3,RL,8.0,nominal,step_nominal,17.349987075580948,942.893238043922,33.46972307379292,189.3155141892907,17.722608224868974,0.5608782435129741
TD3,RL,8.0,nominal,step_load_disturbance,16.609857914957445,914.3110588244676,23.32724340503529,163.5939000820239,16.968191876411662,0.343313373253493
TD3,RL,8.0,nominal,ramp,6.63755211806125,96.69408769699078,8.718079262389196,119.93162997445428,14.195092874527134,0.1457085828343313
TD3,RL,8.0,nominal,sine,23.500399823313217,1463.8544165025392,32.33246103791787,203.0647743200724,18.713331447601465,0.4471057884231537
TD3,RL,8.0,ra_plus_50,step_nominal,20.852341478094036,1252.4259300409328,5.709320295953376,184.9118481914909,18.03287998199481,0.4131736526946107
TD3,RL,8.0,ra_plus_50,step_load_disturbance,20.68401538382998,1254.821311904468,9.120344690980218,214.25402849727345,20.19102755737316,0.281437125748503
TD3,RL,8.0,ra_plus_50,ramp,3.3428189866077047,33.38417060522092,14.320430537158812,187.69697877470145,19.285809539794837,0.0
TD3,RL,8.0,ra_plus_50,sine,23.20978137100524,1854.1961644810945,4.82974528859701,180.68956760545973,17.79107463264471,0.3013972055888224
TD3,RL,8.0,j_plus_50,step_nominal,22.455712400464275,1486.1577053721248,18.37876054468137,201.60929547130556,19.96800288772573,0.0818363273453093
TD3,RL,8.0,j_plus_50,step_load_disturbance,22.67436655274376,1500.5314078081556,12.863666231878897,206.7923594536914,20.18630496406545,0.1776447105788423
TD3,RL,8.0,j_plus_50,ramp,6.856917574184048,114.67542495971446,13.455300112192075,208.03928620335404,19.95986795520793,0.4770459081836327
TD3,RL,8.0,j_plus_50,sine,23.73685915579466,1764.3868292066788,18.565160498445135,212.18868566791463,20.48346506500248,0.2155688622754491
TD3,RL,8.0,friction,step_nominal,17.458224942450336,956.5401070239676,32.50075168477656,189.78920195202176,17.812966372490127,0.5489021956087824
TD3,RL,8.0,friction,step_load_disturbance,16.85958309214536,932.9434663904048,21.737798025915865,166.67565014198996,17.107459672928076,0.3512974051896207
TD3,RL,8.0,friction,ramp,6.399735823620144,90.35574209041022,8.139704966766686,122.718774759405,14.419554658889938,0.1417165668662674
TD3,RL,8.0,friction,sine,23.36091068771115,1466.031150331586,31.546188476376315,201.20662013088733,18.510389464378505,0.437125748502994
TD3,RL,8.0,saturation,step_nominal,30.31067950521092,2087.984455570999,24.52390393036626,122.8899458634899,15.505256240844751,0.0
TD3,RL,8.0,saturation,step_load_disturbance,31.80805297320532,2212.651179085484,31.49818998685761,140.2931405972902,16.59433806228637,0.0159680638722554
TD3,RL,8.0,saturation,ramp,2.069574026211107,11.241460647048044,8.218651489484003,277.7529665325253,23.534523618698103,0.9301397205588824
TD3,RL,8.0,saturation,sine,28.78291273071344,2327.770521805616,17.754691151401772,177.96322011225445,18.5069091091156,0.1197604790419161
TD3,RL,8.0,combined_stress,step_nominal,39.35045248995824,3201.260272326974,50.09074020986905,81.79653593820211,11.896869186401188,0.0
TD3,RL,8.0,combined_stress,step_load_disturbance,40.320538444749445,3325.9594445275907,58.28287501238793,90.47832255628748,12.602870527267257,0.0
TD3,RL,8.0,combined_stress,ramp,7.597371863637008,150.25156602482363,29.208916925602765,188.8030263966242,19.329705322265543,0.0
TD3,RL,8.0,combined_stress,sine,34.67090036394006,2882.5805033413967,40.58360650188928,131.00066794745564,15.363452173232982,0.0878243512974051
TD3,RL,9.0,nominal,step_nominal,15.910622390716044,918.3004720740794,20.144254993077865,181.45399203458584,18.558743209838926,0.1776447105788423
TD3,RL,9.0,nominal,step_load_disturbance,16.28000273233345,924.0903634258874,2.696185922181485,200.74040685125868,19.682807802200333,0.3253493013972056
TD3,RL,9.0,nominal,ramp,14.37438577088521,599.6226013259492,49.94636389905212,183.54075247386163,18.578054820537464,0.0039920159680638
TD3,RL,9.0,nominal,sine,18.04098288363832,1262.254714725263,12.952420935734269,177.98424026265434,17.650946679115403,0.2455089820359281
TD3,RL,9.0,ra_plus_50,step_nominal,19.642141440383774,1280.1690086637084,1.9552196439568943,217.2663977030161,20.53000032424928,0.3153692614770459
TD3,RL,9.0,ra_plus_50,step_load_disturbance,20.544395332730662,1318.840909453852,0.9559197116242046,209.3436376193374,19.82522561550143,0.2554890219560878
TD3,RL,9.0,ra_plus_50,ramp,3.1559202844052585,25.2219445018979,10.393794133499966,180.78544711437235,18.666296792984003,0.091816367265469
TD3,RL,9.0,ra_plus_50,sine,22.488081996660394,1742.7785819673616,8.828327362762948,202.95126829153477,19.18341864490514,0.3912175648702595
TD3,RL,9.0,j_plus_50,step_nominal,22.59653519601759,1500.8532093605247,1.1885204497472728,179.10576014736108,18.58581517314908,0.0778443113772455
TD3,RL,9.0,j_plus_50,step_load_disturbance,24.48062049132801,1591.4073119857744,2.290875705890457,170.2177349036458,17.922932431221003,0.1916167664670658
TD3,RL,9.0,j_plus_50,ramp,3.781636227343778,39.11531299379172,13.76214000066767,190.0087923619164,19.22657618141169,0.0359281437125748
TD3,RL,9.0,j_plus_50,sine,23.0640648232614,1786.1187474657618,8.8369644967335,194.06174843307195,18.95638971900945,0.2754491017964072
TD3,RL,9.0,friction,step_nominal,16.351319536131733,949.1556289335256,20.42275397997419,183.0186414479128,18.69624885749821,0.1816367265469061
TD3,RL,9.0,friction,step_load_disturbance,16.786383313924937,957.514014867846,2.251170643234474,197.0559313985371,19.461347152709983,0.3053892215568862
TD3,RL,9.0,friction,ramp,14.169153613412687,577.6147939401953,50.00000000000775,186.77457443847325,18.836867247581388,0.0039920159680638
TD3,RL,9.0,friction,sine,18.34884381923994,1291.6964664302764,13.240663439285072,178.4309028359918,17.66736716461192,0.2215568862275449
TD3,RL,9.0,saturation,step_nominal,30.979136648315997,2167.43122769274,21.969597356167213,138.00663722313692,16.32690428161615,0.0
TD3,RL,9.0,saturation,step_load_disturbance,32.682725379404886,2311.860420860676,33.01053760671131,133.4022794014622,16.051277265548656,0.0
TD3,RL,9.0,saturation,ramp,4.177722291140969,44.11101439263723,15.538221008931728,180.45377549080587,18.84758749580377,0.0079840319361277
TD3,RL,9.0,saturation,sine,29.52787082143312,2385.5107612957754,17.50617497330353,171.1123155852352,18.222690643310496,0.0938123752495009
TD3,RL,9.0,combined_stress,step_nominal,35.36979132044367,2670.6809975792708,36.63530722163648,145.27213364367725,16.466164068221893,0.0279441117764471
TD3,RL,9.0,combined_stress,step_load_disturbance,37.99837316614564,2968.647219075271,54.82523034635352,92.32713695395412,13.357849459648085,0.0
TD3,RL,9.0,combined_stress,ramp,12.50483104926735,480.0736605183256,59.00972136215932,67.3955641806594,10.122513991356117,0.0
TD3,RL,9.0,combined_stress,sine,33.686623753569194,2753.0840348627034,33.316437310573306,168.54512331778454,17.88058538436882,0.1636726546906187
PID,Classical,,nominal,step_nominal,14.931246566620093,877.1427703285879,2.4164212103762392,107.03770172524024,,0.146
PID,Classical,,nominal,step_load_disturbance,15.536593250801038,887.991601356894,1.7294860606448343,111.68252844815528,,0.146
PID,Classical,,nominal,ramp,10.844138275152094,264.26730056978096,27.89331373250037,40.25998613431067,,0.0
PID,Classical,,nominal,sine,17.73302454229827,1203.796859239056,2.3556007537304704,118.55081813286934,,0.28
PID,Classical,,ra_plus_50,step_nominal,19.76366159486274,1190.7515202981128,4.085881686604222,156.72915116450264,,0.226
PID,Classical,,ra_plus_50,step_load_disturbance,20.80877718898185,1223.8645002598646,9.431369895563982,165.51918747517024,,0.226
PID,Classical,,ra_plus_50,ramp,13.53308674502158,425.3187130011789,38.1202701127236,63.667484203281525,,0.0
PID,Classical,,ra_plus_50,sine,20.44885533317751,1556.8207811381542,3.59600641879864,155.84455133842667,,0.382
PID,Classical,,j_plus_50,step_nominal,20.574488747318743,1271.2506979916368,4.281260269960187,166.06209428165346,,0.264
PID,Classical,,j_plus_50,step_load_disturbance,21.2714245104036,1293.461977518143,7.84582838447147,172.05861464008322,,0.264
PID,Classical,,j_plus_50,ramp,13.53461057512601,425.3995069666204,38.12015301311769,63.680785472851575,,0.0
PID,Classical,,j_plus_50,sine,21.39548008083477,1672.32849703112,4.238542681204106,164.60515990903684,,0.41
PID,Classical,,friction,step_nominal,15.25686829206671,897.1201015681883,1.4259701806604133,110.5790533239848,,0.15
PID,Classical,,friction,step_load_disturbance,15.988644898294984,909.792547807059,2.7199371495617344,115.49375763999356,,0.15
PID,Classical,,friction,ramp,11.265913148703383,285.12444338803164,28.898753860225128,43.448308138974,,0.0
PID,Classical,,friction,sine,17.812726625202913,1224.6565863245182,2.289636930041348,121.32129236200475,,0.286
PID,Classical,,saturation,step_nominal,27.197751818541715,1811.47416612968,15.80753292436517,238.97598400870825,,0.522
PID,Classical,,saturation,step_load_disturbance,28.60497803563177,1900.724255398858,23.65083569803285,256.79140190216634,,0.576
PID,Classical,,saturation,ramp,13.852764641684454,456.02114182772846,42.498353383231645,67.41415391788368,,0.0
PID,Classical,,saturation,sine,27.627909766943095,2208.251354687731,13.397339010896737,215.9549648674632,,0.53
PID,Classical,,combined_stress,step_nominal,29.89089801489155,2046.6006562600169,25.23890050151617,266.6946579192667,,0.674
PID,Classical,,combined_stress,step_load_disturbance,31.35982701917632,2164.0868957880257,33.57608759285424,282.773666905695,,0.838
PID,Classical,,combined_stress,ramp,15.92534387250398,612.1966695097667,50.44645633584497,89.8159192166311,,0.0
PID,Classical,,combined_stress,sine,30.242459798961534,2413.441870453839,22.21378225383316,239.8060131294515,,0.572
LQR,Classical,,nominal,step_nominal,12.14554493920406,806.2868655390929,4.516053024872235e-09,141.49467080499338,,0.476
LQR,Classical,,nominal,step_load_disturbance,12.243188558798453,806.762397850581,0.2384229904264245,147.18404124849363,,0.484
LQR,Classical,,nominal,ramp,0.6708944584410008,0.9048405284482164,1.3569830358689834,67.78885238255558,,0.0
LQR,Classical,,nominal,sine,15.58409239419828,1166.5261978247495,1.5504683189622144,161.48860092026217,,0.486
LQR,Classical,,ra_plus_50,step_nominal,16.76295687735815,1103.7215743578868,0.0005759734254328,196.76037837806152,,0.668
LQR,Classical,,ra_plus_50,step_load_disturbance,17.213470365581856,1114.443666920754,0.3538121151797594,211.2073460358158,,0.706
LQR,Classical,,ra_plus_50,ramp,0.9872983420821568,1.9659861195314945,2.010744270902165,138.6151669007631,,0.0
LQR,Classical,,ra_plus_50,sine,19.62932464000081,1540.9326219648483,2.247798755133404,201.40881893289185,,0.59
LQR,Classical,,j_plus_50,step_nominal,18.23614683872834,1211.1173998730612,2.5778972757848352e-05,210.11373929166675,,0.714
LQR,Classical,,j_plus_50,step_load_disturbance,18.61888164472296,1221.8102814507884,0.2385360462075527,220.49413543500444,,0.744
LQR,Classical,,j_plus_50,ramp,0.999350861679674,2.01441158858276,2.0352964353039797,138.548402792246,,0.0
LQR,Classical,,j_plus_50,sine,20.7746524114592,1661.3100841247715,2.2743162408967463,207.33055060142493,,0.616
LQR,Classical,,friction,step_nominal,12.426643777097622,823.971390978512,0.0596057364309115,145.22747217464837,,0.488
LQR,Classical,,friction,step_load_disturbance,12.532448634516603,824.627347263571,0.2980287446907602,151.55080264598251,,0.496
LQR,Classical,,friction,ramp,0.7002990630455985,0.985977365122749,1.4165887727472817,73.07230543134094,,0.0
LQR,Classical,,friction,sine,15.846791738274048,1191.1305616914758,1.6100740223526742,163.61133437977554,,0.492
LQR,Classical,,saturation,step_nominal,26.8947482345604,1800.0698049790526,12.410328991421087,288.0,,1.0
LQR,Classical,,saturation,step_load_disturbance,28.47695818537347,1894.1140437533888,22.05902136789357,288.0,,1.0
LQR,Classical,,saturation,ramp,2.931379455449051,19.97070338553392,9.52057560774435,270.0033164156698,,0.866
LQR,Classical,,saturation,sine,26.894748234560176,2193.2257989033787,6.448788162501064,288.0,,1.0
LQR,Classical,,combined_stress,step_nominal,29.775800899153367,2040.3013576260237,23.779816709919142,288.0,,1.0
LQR,Classical,,combined_stress,step_load_disturbance,31.34468733596149,2163.0704744647733,33.31574999494058,288.0,,1.0
LQR,Classical,,combined_stress,ramp,5.661713530265914,80.84039314782814,20.54226089196116,276.49225867296497,,0.926
LQR,Classical,,combined_stress,sine,29.77580089915315,2395.1684745709326,17.818275880999124,288.0,,1.0
LQI,Classical,,nominal,step_nominal,22.120705235875477,1283.9526753065668,15.332800198567938,63.208853481119206,,0.0
LQI,Classical,,nominal,step_load_disturbance,22.166009661738425,1286.621266828877,15.422507010834952,72.31955418522155,,0.0
LQI,Classical,,nominal,ramp,14.596665618648297,503.11667855856246,43.6849785771888,24.55995800475878,,0.0
LQI,Classical,,nominal,sine,20.83826102548091,1482.8324681153956,14.409254560465126,69.96365057446202,,0.0
LQI,Classical,,ra_plus_50,step_nominal,22.25855676198045,1317.3801970539043,14.971605539880242,132.17800836172967,,0.26
LQI,Classical,,ra_plus_50,step_load_disturbance,22.325797291586717,1321.2573434631165,15.106639426626908,150.84409298669928,,0.26
LQI,Classical,,ra_plus_50,ramp,14.701064431437226,509.9507398280916,43.896768679679234,51.36362923842084,,0.0
LQI,Classical,,ra_plus_50,sine,21.208778792825136,1618.9635112798126,12.922074087762134,148.8665008622154,,0.466
LQI,Classical,,j_plus_50,step_nominal,22.38759303612119,1355.186360174028,14.398142867000615,150.5050985864097,,0.394
LQI,Classical,,j_plus_50,step_load_disturbance,22.433762768840275,1357.826256113312,14.485519793849358,162.7222956109352,,0.4
LQI,Classical,,j_plus_50,ramp,14.70474210024442,510.1909170589883,43.90403587017392,51.3634218234281,,0.0
LQI,Classical,,j_plus_50,sine,21.77620012033397,1719.7660511374715,11.233998792902469,169.9584319798296,,0.556
LQI,Classical,,friction,step_nominal,22.134820110324213,1285.5581894445031,15.342870885383292,68.04595229665475,,0.0
LQI,Classical,,friction,step_load_disturbance,22.180124536532364,1288.2285287217248,15.432577703961492,77.64726929665302,,0.0
LQI,Classical,,friction,ramp,14.610699162588151,503.7833304023135,43.69540960183632,27.5488292413796,,0.0
LQI,Classical,,friction,sine,20.85237589898386,1484.5113373271397,14.419325253963809,74.59838553157634,,0.0
LQI,Classical,,saturation,step_nominal,27.176988819846617,1830.5085403591092,12.974770765731485,283.80592090072145,,0.976
LQI,Classical,,saturation,step_load_disturbance,28.75919950897761,1926.3421342757988,22.623469368763224,283.80592090072145,,0.976
LQI,Classical,,saturation,ramp,14.767734264449174,515.9159641528838,44.326813983864966,69.6857824898238,,0.0
LQI,Classical,,saturation,sine,27.174010332267944,2223.362965560663,7.007218972701944,283.87603912230145,,0.976
LQI,Classical,,combined_stress,step_nominal,30.061359635714737,2074.5499598199863,24.34032783038968,284.1939896045909,,0.978
LQI,Classical,,combined_stress,step_load_disturbance,31.63025811224613,2199.0934935485493,33.87636267622625,284.1939896045909,,0.978
LQI,Classical,,combined_stress,ramp,14.951756978364426,528.9605431521848,45.10141154499872,130.81299810237115,,0.186
LQI,Classical,,combined_stress,sine,30.058290308804555,2429.143621580887,18.372704082747543,284.2488462191304,,0.978
Hinf,Classical,,nominal,step_nominal,12.140318722922022,806.2818107679653,1.9189735667168863e-09,142.14907374172077,,0.482
Hinf,Classical,,nominal,step_load_disturbance,12.21378434638784,806.7461177145153,0.1408012198291629,147.89117599442673,,0.49
Hinf,Classical,,nominal,ramp,0.3984058280712065,0.3182325436828622,0.8013627026655351,68.41834710859519,,0.0
Hinf,Classical,,nominal,sine,15.47923037519835,1166.3084695583111,0.9297697970643304,163.1050327642765,,0.49
Hinf,Classical,,ra_plus_50,step_nominal,16.754586939627238,1103.7129855129328,0.0003323106963338,197.69214694223305,,0.676
Hinf,Classical,,ra_plus_50,step_load_disturbance,17.186014847551583,1114.4196986699576,0.2075955747855465,212.25989108693605,,0.716
Hinf,Classical,,ra_plus_50,ramp,0.5842021094231586,0.685549907518214,1.1798453282538746,140.50304087199848,,0.0
Hinf,Classical,,ra_plus_50,sine,19.531810009982387,1540.6658796330626,1.3544574186960938,205.02775919451412,,0.594
Hinf,Classical,,j_plus_50,step_nominal,18.227853789576763,1211.1089234496712,9.482071448019269e-09,211.095976260409,,0.722
Hinf,Classical,,j_plus_50,step_load_disturbance,18.599746024359224,1221.7945431896148,0.1408013549031244,221.5586307906423,,0.754
Hinf,Classical,,j_plus_50,ramp,0.5951507815343312,0.7115313744875873,1.201942206331415,140.4407050379168,,0.0
Hinf,Classical,,j_plus_50,sine,20.68742371729796,1661.0656294093706,1.3794427032228975,210.830288033287,,0.622
Hinf,Classical,,friction,step_nominal,12.415375896708197,823.965204568299,0.0352003250785568,145.88545542072868,,0.492
Hinf,Classical,,friction,step_load_disturbance,12.497726536197469,824.6057850336051,0.1760015297722401,152.27409070494346,,0.502
Hinf,Classical,,friction,ramp,0.4158690710011817,0.3467680199900393,0.8365630018834591,73.75696301121577,,0.0
Hinf,Classical,,friction,sine,15.744377236086647,1190.9187978312425,0.9649700899687436,165.23434708569093,,0.496
Hinf,Classical,,saturation,step_nominal,26.8947482345604,1800.0698049790526,12.410328991421087,288.0,,1.0
Hinf,Classical,,saturation,step_load_disturbance,28.47695818537347,1894.1140437533888,22.05902136789357,288.0,,1.0
Hinf,Classical,,saturation,ramp,2.5354473820589227,15.514386163149606,8.701257996030819,277.46057872232007,,0.92
Hinf,Classical,,saturation,sine,26.894748234560176,2193.2257989033787,6.448788162501064,288.0,,1.0
Hinf,Classical,,combined_stress,step_nominal,29.775800899153367,2040.3013576260237,23.779816709919142,288.0,,1.0
Hinf,Classical,,combined_stress,step_load_disturbance,31.34468733596149,2163.0704744647733,33.31574999494058,288.0,,1.0
Hinf,Classical,,combined_stress,ramp,5.3258445522884506,73.31495206749614,19.866086481435264,281.2704339977692,,0.958
Hinf,Classical,,combined_stress,sine,29.77580089915315,2395.1684745709326,17.818275880999124,288.0,,1.0
MPC,Classical,,nominal,step_nominal,12.14715754959009,806.2889685231982,5.076724676200683e-09,141.35643313581613,,0.476
MPC,Classical,,nominal,step_load_disturbance,12.250135438057873,806.7678599262053,0.2602821648328245,147.02240115358833,,0.482
MPC,Classical,,nominal,ramp,0.7314944916473185,1.0763380153326008,1.481398880017292,67.6485363880668,,0.0
MPC,Classical,,nominal,sine,15.606857672925344,1166.5877234367,1.686274155914268,161.14559501108428,,0.486
MPC,Classical,,ra_plus_50,step_nominal,16.76552858049849,1103.7250599074232,0.0006377560389074,196.54655646847144,,0.666
MPC,Classical,,ra_plus_50,step_load_disturbance,17.220305689359467,1114.4521253010791,0.3871627414462452,210.96843098744995,,0.704
MPC,Classical,,ra_plus_50,ramp,1.078221788483361,2.346944898049553,2.200141585970548,138.18596785238825,,0.0
MPC,Classical,,ra_plus_50,sine,19.64985790991293,1541.0059534178847,2.4428141420108798,200.6120993674048,,0.59
MPC,Classical,,j_plus_50,step_nominal,18.238621932991645,1211.12070596104,6.818925339928228e-05,209.89397712132387,,0.712
MPC,Classical,,j_plus_50,step_load_disturbance,18.62374264191092,1221.8160084999529,0.2605399361176984,220.2582818665169,,0.742
MPC,Classical,,j_plus_50,ramp,1.0889181025012675,2.393859576584608,2.221901658432483,138.1259586004434,,0.0
MPC,Classical,,j_plus_50,sine,20.79256293793342,1661.3758366850486,2.4662087839768496,206.56992147324596,,0.614
MPC,Classical,,friction,step_nominal,12.429596112142834,823.9738813943706,0.0650705512924258,145.0679987780083,,0.486
MPC,Classical,,friction,step_load_disturbance,12.54060285315392,824.6344735610041,0.3253527293317603,151.38201523699595,,0.494
MPC,Classical,,friction,ramp,0.7635549485154229,1.1728533386294049,1.546469416059501,72.91971279179825,,0.0
MPC,Classical,,friction,sine,15.86894749170428,1191.1903599045372,1.7513446964507249,163.24629866102887,,0.492
MPC,Classical,,saturation,step_nominal,26.8947482345604,1800.0698049790526,12.410328991421087,288.0,,1.0
MPC,Classical,,saturation,step_load_disturbance,28.47695818537347,1894.1140437533888,22.05902136789357,288.0,,1.0
MPC,Classical,,saturation,ramp,3.0188504101949576,21.050720664309328,9.703966758055,268.3480462070523,,0.852
MPC,Classical,,saturation,sine,26.894748234560176,2193.2257989033787,6.448788162501064,288.0,,1.0
MPC,Classical,,combined_stress,step_nominal,29.775800899153367,2040.3013576260237,23.779816709919142,288.0,,1.0
MPC,Classical,,combined_stress,step_load_disturbance,31.34468733596149,2163.0704744647733,33.31574999494058,288.0,,1.0
MPC,Classical,,combined_stress,ramp,5.737032359064552,82.60557377066566,20.695456926115884,275.4141632745298,,0.92
MPC,Classical,,combined_stress,sine,29.77580089915315,2395.1684745709326,17.818275880999124,288.0,,1.0
