seed,episode,env_step,r,reward_roll10
0,1,500,158.932925,158.932925
0,2,1000,849.79208,504.3625025
0,3,1500,852.734488,620.4864976666668
0,4,2000,255.113354,529.1432117500001
0,5,2500,252.914233,473.8974160000001
0,6,3000,258.496729,437.99730150000005
0,7,3500,260.407716,412.6273607142857
0,8,4000,263.5293,393.990103125
0,9,4500,264.355307,379.5862368888889
0,10,5000,161.16557,357.7441702
0,11,5500,844.764582,426.3273359
0,12,6000,157.787704,357.1268983
0,13,6500,839.141085,355.76755799999995
0,14,7000,839.549975,414.2112201
0,15,7500,163.567285,405.2765253
0,16,8000,848.970929,464.3239453
0,17,8500,850.30836,523.3140096999999
0,18,9000,852.816196,582.2426993
0,19,9500,855.106252,641.3177938
0,20,10000,166.640525,641.8652893000001
0,21,10500,253.849391,582.7737702
0,22,11000,166.043767,583.5993765000001
0,23,11500,852.767158,584.9619838000001
0,24,12000,264.625632,527.4695495
0,25,12500,254.050991,536.5179201
0,26,13000,168.040001,468.4248273
0,27,13500,853.15665,468.7096563
0,28,14000,264.245366,409.8525733
0,29,14500,169.006452,341.2425933
0,30,15000,854.625982,410.04113900000004
0,31,15500,168.968809,401.55308080000003
0,32,16000,264.573001,411.4060042
0,33,16500,264.629162,352.5922046
0,34,17000,170.001352,343.1297766
0,35,17500,264.613077,344.1859852
0,36,18000,852.311518,412.6131369
0,37,18500,264.699627,353.7674346
0,38,19000,254.889752,352.83187319999996
0,39,19500,254.509477,361.38217569999995
0,40,20000,255.130914,301.4326689
0,41,20500,255.735133,310.10930129999997
0,42,21000,264.459169,310.09791809999996
0,43,21500,264.26636,310.06163789999994
0,44,22000,264.464417,319.5079444
0,45,22500,264.239545,319.4705912
0,46,23000,857.484733,319.98791270000004
0,47,23500,864.057419,379.9236919
0,48,24000,855.418835,439.9766002
0,49,24500,255.927529,440.11840540000003
0,50,25000,856.804813,500.28579529999996
0,51,25500,168.698454,491.5821274
0,52,26000,-534.126719,411.72353860000004
0,53,26500,-534.126719,331.8842307
0,54,27000,395.990994,345.0368884
0,55,27500,401.17319,358.7302529
0,56,28000,256.317454,298.613525
0,57,28500,-495.823321,162.625451
0,58,29000,800.08464,157.0920315
0,59,29500,394.539132,170.95319179999998
0,60,30000,-495.823321,35.69037839999999
0,61,30500,857.20674,104.54120699999999
0,62,31000,808.105257,238.76440459999998
0,63,31500,393.587105,331.535787
0,64,32000,241.754397,316.1121273
0,65,32500,-534.126719,222.5821364
0,66,33000,-447.156993,152.23469169999998
0,67,33500,256.255395,227.4425633
0,68,34000,-495.823321,97.8517672
0,69,34500,-10.609971,57.3368569
0,70,35000,151.745076,122.0936966
0,71,35500,801.451592,116.51818180000001
0,72,36000,-447.156993,-9.008043200000003
0,73,36500,176.944682,-30.672285500000005
0,74,37000,262.300191,-28.617706100000003
0,75,37500,144.024045,39.197370299999996
0,76,38000,263.116754,110.22474499999998
0,77,38500,-387.472574,45.851948099999994
0,78,39000,-493.79808,46.054472199999985
0,79,39500,-14.150771,45.70039219999999
0,80,40000,140.517092,44.57759379999999
0,81,40500,860.679037,50.50033829999999
0,82,41000,177.74242,112.99027959999998
0,83,41500,-493.79808,45.91600339999999
0,84,42000,-387.472574,-19.06127310000001
0,85,42500,-387.472574,-72.21093500000002
0,86,43000,180.533114,-80.469299
0,87,43500,-494.350537,-91.15709530000001
0,88,44000,-534.126719,-95.1899592
0,89,44500,-493.79808,-143.1546901
0,90,45000,172.441348,-139.9622645
0,91,45500,242.687848,-201.76138340000003
0,92,46000,172.133123,-202.32231309999997
0,93,46500,-494.350537,-202.3775588
0,94,47000,-494.350537,-213.06535509999998
0,95,47500,168.025074,-157.51559029999999
0,96,48000,149.675322,-160.6013695
0,97,48500,-494.350537,-160.6013695
0,98,49000,-495.823321,-156.7710297
0,99,49500,863.355101,-21.055711600000016
0,100,50000,-495.823321,-87.88217850000001
0,101,50500,-494.350537,-161.58601700000003
0,102,51000,-493.79808,-228.1791373
0,103,51500,-494.350537,-228.1791373
0,104,52000,-387.472574,-217.491341
0,105,52500,384.472634,-195.84658500000003
0,106,53000,-534.126719,-264.2267891
0,107,53500,150.911507,-199.7005847
0,108,54000,169.774142,-133.1408384
0,109,54500,151.187095,-204.357639
0,110,55000,867.331234,-68.0421835
0,111,55500,-494.350537,-68.0421835
0,112,56000,170.270431,-1.63533239999999
0,113,56500,-9.945526,46.80516870000001
0,114,57000,-9.941816,84.5582445
0,115,57500,-447.156993,1.3952818000000036
0,116,58000,-534.126719,1.3952818000000093
0,117,58500,-387.472574,-52.4431263
0,118,59000,-493.79808,-118.80034850000001
0,119,59500,-494.350537,-183.3541117
0,120,60000,-51.094371,-275.1966722
0,121,60500,-387.472574,-264.5088759
0,122,61000,380.005774,-243.53534160000004
0,123,61500,-494.350537,-291.97584270000004
0,124,62000,376.383058,-253.34335530000004
0,125,62500,-493.79808,-258.007464
0,126,63000,-495.823321,-254.17712420000004
0,127,63500,167.133439,-198.71652290000003
0,128,64000,-493.79808,-198.71652290000003
0,129,64500,-447.156993,-193.99716850000002
0,130,65000,-60.490258,-194.93675720000002
0,131,65500,-447.156993,-200.9051991
0,132,66000,153.245805,-223.581196
0,133,66500,-495.823321,-223.7284744
0,134,67000,-534.126719,-314.77945209999996
0,135,67500,262.736149,-239.1260292
0,136,68000,-9.398011,-190.4834982
0,137,68500,164.188543,-190.7779878
0,138,69000,-534.126719,-194.8108517
0,139,69500,-495.823321,-199.6774845
0,140,70000,-494.350537,-243.06351239999998
0,141,70500,-9.795082,-199.3273213
0,142,71000,-493.79808,-264.0317098
0,143,71500,-493.79808,-263.8291857
0,144,72000,-495.823321,-259.9988459
0,145,72500,-387.472574,-325.01971820000006
0,146,73000,-534.126719,-377.492589
0,147,73500,-494.350537,-443.346497
0,148,74000,379.86004,-351.9478211
0,149,74500,167.57059,-285.60843
0,150,75000,242.224511,-211.95092520000003
0,151,75500,-534.126719,-264.3840889
0,152,76000,-495.823321,-264.586613
0,153,76500,-495.823321,-264.7891371
0,154,77000,-494.350537,-264.6418587
0,155,77500,802.876648,-145.6069365
0,156,78000,-494.350537,-141.6293183
0,157,78500,-387.472574,-130.941522
0,158,79000,-493.79808,-218.307334
0,159,79500,242.147756,-210.84961740000003
0,160,80000,-447.156993,-279.78776780000004
0,161,80500,-534.126719,-279.7877678
0,162,81000,166.746476,-213.53078810000002
0,163,81500,-534.126719,-217.3611279
0,164,82000,-447.156993,-212.6417735
0,165,82500,-494.350537,-342.364492
0,166,83000,-493.79808,-342.3092463
0,167,83500,-494.350537,-352.9970426
0,168,84000,-387.472574,-342.364492
0,169,84500,242.457311,-342.3335365
0,170,85000,-7.714674,-298.3893046
0,171,85500,-10.276193,-246.004252
0,172,86000,-534.126719,-316.0915715
0,173,86500,-495.823321,-312.2612317
0,174,87000,-494.350537,-316.9805861
0,175,87500,23.944555,-265.1510769
0,176,88000,161.778272,-199.59344169999997
0,177,88500,-447.156993,-194.87408729999999
0,178,89000,-494.350537,-205.56188360000002
0,179,89500,-534.126719,-283.2202866
0,180,90000,-387.472574,-321.19607659999997
0,181,90500,-10.888125,-321.2572698
0,182,91000,156.202311,-252.22436679999996
0,183,91500,-387.472574,-241.3892921
0,184,92000,155.60249,-176.39398939999998
0,185,92500,-534.126719,-232.2011168
0,186,93000,-534.126719,-301.7916159
0,187,93500,-495.823321,-306.6582487
0,188,94000,-6.654132,-257.8886082
0,189,94500,-493.79808,-253.85574430000003
0,190,95000,-495.823321,-264.69081900000003
0,191,95500,-493.79808,-312.98181450000004
0,192,96000,-494.350537,-378.0370993
0,193,96500,-495.823321,-388.872174
0,194,97000,-534.126719,-457.8450949
0,195,97500,-494.350537,-453.86747670000005
0,196,98000,-493.79808,-449.8346128
0,197,98500,-447.156993,-444.96798
0,198,99000,-447.156993,-489.01826610000006
0,199,99500,-495.823321,-489.2207902
0,200,100000,726.41466,-366.9969921
1,1,500,256.221585,256.221585
1,2,1000,853.09433,554.6579575000001
1,3,1500,160.648967,423.3216273333333
1,4,2000,158.025313,356.99754875
1,5,2500,256.537879,336.9056148
1,6,3000,255.568372,323.34940766666665
1,7,3500,153.681549,299.11114214285715
1,8,4000,154.662297,281.0550365
1,9,4500,258.180905,278.5134663333333
1,10,5000,256.982427,276.3603624
1,11,5500,168.778749,267.6160788
1,12,6000,257.813106,208.0879564
1,13,6500,258.039033,217.82696299999998
1,14,7000,171.589855,219.18341719999998
1,15,7500,257.787369,219.3083662
1,16,8000,258.390081,219.59053709999998
1,17,8500,878.298679,292.05225010000004
1,18,9000,879.216272,364.50764760000004
1,19,9500,259.723907,364.6619478
1,20,10000,264.170497,365.38075480000003
1,21,10500,171.084711,365.611351
1,22,11000,169.953018,356.8253422
1,23,11500,169.633122,347.9847511
1,24,12000,880.056216,418.8313872
1,25,12500,169.078018,409.9604521
1,26,13000,258.867269,410.0081709
1,27,13500,258.758782,348.05418119999996
1,28,14000,170.010784,277.1336324
1,29,14500,261.524396,277.3136813
1,30,15000,258.315326,276.7281642
1,31,15500,260.371413,285.65683440000004
1,32,16000,258.503463,294.5118789
1,33,16500,169.324557,294.48102240000003
1,34,17000,259.836278,232.4590286
1,35,17500,258.352527,241.3864795
1,36,18000,258.620395,241.3617921
1,37,18500,165.310258,232.01693970000002
1,38,19000,256.741494,240.69001070000004
1,39,19500,879.931075,302.5306786
1,40,20000,258.425403,302.5416863
1,41,20500,256.275592,302.13210419999996
1,42,21000,167.251148,293.0068727
1,43,21500,254.658017,301.54021869999997
1,44,22000,258.35568,301.3921589
1,45,22500,258.285626,301.3854688
1,46,23000,258.85036,301.40846530000005
1,47,23500,257.630822,310.6405217
1,48,24000,164.816503,301.4480226
1,49,24500,873.358296,300.7907447
1,50,25000,166.700549,291.61825930000003
1,51,25500,255.270725,291.51777260000006
1,52,26000,438.301403,318.6227981
1,53,26500,830.466742,376.2036706
1,54,27000,-494.350537,300.9330489
1,55,27500,-493.79808,225.7246783
1,56,28000,-447.156993,155.123943
1,57,28500,-534.126719,75.94818890000002
1,58,29000,188.080548,78.27459340000001
1,59,29500,875.386208,78.47738460000001
1,60,30000,420.018582,103.80918790000001
1,61,30500,258.369542,104.11906960000002
1,62,31000,187.357733,79.02470260000001
1,63,31500,-387.472574,-42.769228999999996
1,64,32000,-534.126719,-46.7468472
1,65,32500,423.516617,44.98462250000001
1,66,33000,188.234691,108.5237909
1,67,33500,871.892264,249.12568919999998
1,68,34000,-387.472574,191.570377
1,69,34500,-495.823321,54.44942410000001
1,70,35000,-494.350537,-36.987487800000004
1,71,35500,-9.149507,-63.739392699999996
1,72,36000,-494.350537,-131.91021970000003
1,73,36500,-495.823321,-142.7452944
1,74,37000,-387.472574,-128.0798799
1,75,37500,-64.757695,-176.90731110000002
1,76,38000,-447.156993,-240.44647950000004
1,77,38500,-534.126719,-381.04837779999997
1,78,39000,-54.604863,-347.7616067
1,79,39500,843.854489,-213.7938257
1,80,40000,185.146115,-145.8441605
1,81,40500,-495.823321,-194.5115419
1,82,41000,-447.156993,-189.7921875
1,83,41500,-495.823321,-189.7921875
1,84,42000,-493.79808,-200.4247381
1,85,42500,257.891418,-168.15982680000002
1,86,43000,180.587255,-105.385402
1,87,43500,-534.126719,-105.38540200000003
1,88,44000,-387.472574,-138.6721731
1,89,44500,838.015382,-139.2560838
1,90,45000,-0.881639,-157.85885919999998
1,91,45500,-534.126719,-161.689199
1,92,46000,-494.350537,-166.4085534
1,93,46500,255.597137,-91.26650759999998
1,94,47000,-77.799171,-49.666616699999985
1,95,47500,416.554377,-33.80032079999997
1,96,48000,242.816855,-27.577360799999973
1,97,48500,873.377715,113.17308260000001
1,98,49000,-493.79808,102.54053200000003
1,99,49500,257.83261,44.52225480000001
1,100,50000,871.523173,131.76273600000002
1,101,50500,183.199372,203.49534510000004
1,102,51000,417.941711,294.7245699
1,103,51500,-534.126719,215.75218430000004
1,104,52000,182.314606,241.763562
1,105,52500,-387.472574,161.36086690000002
1,106,53000,870.86744,224.16592540000002
1,107,53500,-494.350537,87.39310020000002
1,108,54000,-447.156993,92.05720890000002
1,109,54500,-2.858332,65.98811470000003
1,110,55000,-534.126719,-74.57687449999997
1,111,55500,-495.823321,-142.47914379999997
1,112,56000,-447.156993,-228.98901419999999
1,113,56500,-493.79808,-224.9561503
1,114,57000,410.516336,-202.13597729999998
1,115,57500,-493.79808,-212.76852789999998
1,116,58000,-495.823321,-349.437604
1,117,58500,-493.79808,-349.38235829999996
1,118,59000,-493.79808,-354.046467
1,119,59500,-55.061683,-359.2668021
1,120,60000,-447.156993,-350.5698295
1,121,60500,418.758863,-259.1116111
1,122,61000,-493.79808,-263.7757198
1,123,61500,-495.823321,-263.97824389999994
1,124,62000,-495.823321,-354.6122096
1,125,62500,188.127372,-286.4196644
1,126,63000,187.180648,-218.11926749999998
1,127,63500,-534.126719,-222.15213139999997
1,128,64000,851.241893,-87.64813409999998
1,129,64500,411.590796,-40.98288619999998
1,130,65000,-54.862299,-1.753416799999973
1,131,65500,-493.79808,-93.00911109999997
1,132,66000,-387.472574,-82.37656049999998
1,133,66500,-495.823321,-82.37656049999998
1,134,67000,842.476844,51.45345600000003
1,135,67500,-534.126719,-20.771953099999973
1,136,68000,-493.79808,-88.86982589999998
1,137,68500,-495.823321,-85.03948609999998
1,138,69000,-494.350537,-219.59872909999996
1,139,69500,153.737348,-245.38407389999998
1,140,70000,-493.79808,-289.277652
1,141,70500,190.502875,-220.84755649999997
1,142,71000,-534.126719,-235.51297099999996
1,143,71500,-495.823321,-235.51297099999996
1,144,72000,411.127991,-278.6478563
1,145,72500,-447.156993,-269.95088369999996
1,146,73000,-534.126719,-273.98374759999996
1,147,73500,-447.156993,-269.11711479999997
1,148,74000,-495.823321,-269.2643932
1,149,74500,-387.472574,-323.3853854
1,150,75000,411.526905,-232.8528869
1,151,75500,414.991834,-210.403991
1,152,76000,257.365985,-131.25472059999998
1,153,76500,-494.350537,-131.10744219999998
1,154,77000,-534.126719,-225.6329132
1,155,77500,-387.472574,-219.66447129999997
1,156,78000,254.931239,-140.75867549999998
1,157,78500,-494.350537,-145.47802989999997
1,158,79000,-534.126719,-149.30836969999996
1,159,79500,186.343851,-91.92672719999999
1,160,80000,-387.472574,-171.82667509999996
1,161,80500,257.127241,-187.61313439999998
1,162,81000,-493.79808,-262.72954089999996
1,163,81500,-54.211987,-218.71568589999998
1,164,82000,-493.79808,-214.682822
1,165,82500,-534.126719,-229.34823649999998
1,166,83000,-495.823321,-304.42369249999996
1,167,83500,-494.350537,-304.42369249999996
1,168,84000,-494.350537,-300.44607429999996
1,169,84500,-8.915067,-319.9719661
1,170,85000,-387.472574,-319.97196610000003
1,171,85500,-493.79808,-395.0644982
1,172,86000,255.327414,-320.15194879999996
1,173,86500,-534.126719,-368.143422
1,174,87000,142.446088,-304.5190051999999
1,175,87500,242.759823,-226.83035099999998
1,176,88000,843.140678,-92.93395109999997
1,177,88500,-447.156993,-88.21459669999997
1,178,89000,255.107815,-13.268761499999968
1,179,89500,242.523728,11.875118000000032
1,180,90000,-387.472574,11.875118000000032
1,181,90500,-495.823321,11.672593900000033
1,182,91000,-495.823321,-63.44247959999997
1,183,91500,-494.350537,-59.464861399999975
1,184,92000,-79.502343,-81.65970449999998
1,185,92500,-10.101261,-106.94581289999999
1,186,93000,-447.156993,-235.97557999999998
1,187,93500,-447.156993,-235.97557999999998
1,188,94000,182.384981,-243.24786339999997
1,189,94500,-494.350537,-316.93528989999993
1,190,95000,409.060128,-237.2820197
1,191,95500,242.652083,-163.43447929999996
1,192,96000,254.613217,-88.39082549999998
1,193,96500,-493.79808,-88.33557979999998
1,194,97000,-387.472574,-119.13260289999998
1,195,97500,-447.156993,-162.83817609999997
1,196,98000,-494.350537,-167.55753049999996
1,197,98500,-8.396263,-123.6814575
1,198,99000,-534.126719,-195.3326275
1,199,99500,-79.342272,-153.83180099999998
1,200,100000,-387.472574,-233.4850712
2,1,500,157.304799,157.304799
2,2,1000,256.571019,206.937909
2,3,1500,262.494336,225.456718
2,4,2000,256.037381,233.10188374999998
2,5,2500,254.5922,237.39994699999997
2,6,3000,155.848211,223.807991
2,7,3500,254.844664,228.2418014285714
2,8,4000,259.187836,232.11005575
2,9,4500,255.506832,234.70969755555552
2,10,5000,869.243525,298.1630803
2,11,5500,167.589491,299.19154949999995
2,12,6000,869.270017,360.4614493
2,13,6500,166.073811,350.81939680000005
2,14,7000,264.476491,351.66330780000004
2,15,7500,167.22983,342.9270708
2,16,8000,264.564494,353.7986991
2,17,8500,871.547429,415.46897559999996
2,18,9000,258.464658,415.39665779999996
2,19,9500,264.518732,416.2978478
2,20,10000,873.719825,416.7454778
2,21,10500,257.805393,425.767068
2,22,11000,877.148092,426.5548755
2,23,11500,256.503581,435.59785249999993
2,24,12000,264.058872,435.55609059999995
2,25,12500,874.479901,506.28109770000003
2,26,13000,256.401421,505.4647904
2,27,13500,874.310437,505.7410912
2,28,14000,871.88375,567.0830004000001
2,29,14500,170.958505,557.7269776999999
2,30,15000,256.801784,496.03517359999995
2,31,15500,263.740763,496.6287106
2,32,16000,871.661288,496.08003019999995
2,33,16500,171.651314,487.5948035
2,34,17000,170.717123,478.2606286
2,35,17500,171.323685,407.94500700000003
2,36,18000,874.339708,469.7388357
2,37,18500,255.129513,407.8207433
2,38,19000,254.513638,346.0837321
2,39,19500,261.772653,355.16514689999997
2,40,20000,262.152122,355.70018070000003
2,41,20500,254.718451,354.7979495
2,42,21000,254.194307,293.0512514
2,43,21500,872.19033,363.10515300000003
2,44,22000,872.381468,433.2715875
2,45,22500,871.483089,503.2875279
2,46,23000,171.81514,433.0350711
2,47,23500,170.769125,424.5990323
2,48,24000,170.109261,416.1585946
2,49,24500,158.668619,405.84819120000003
2,50,25000,257.751648,405.4081438
2,51,25500,155.716351,395.5079338
2,52,26000,-387.472574,331.3412457
2,53,26500,414.413183,285.56353099999995
2,54,27000,258.414042,224.1667884
2,55,27500,-9.411661,136.0773134
2,56,28000,-387.472574,80.148542
2,57,28500,177.958973,80.8675268
2,58,29000,868.253573,150.68195799999998
2,59,29500,-387.472574,96.0678387
2,60,30000,176.509143,87.9435882
2,61,30500,-493.79808,22.992145099999995
2,62,31000,-387.472574,22.992145099999995
2,63,31500,-534.126719,-71.86184510000001
2,64,32000,-493.79808,-147.0830573
2,65,32500,-50.121407,-151.1540319
2,66,33000,814.361978,-30.970576700000002
2,67,33500,870.176776,38.2512036
2,68,34000,-494.350537,-98.0092074
2,69,34500,-493.79808,-108.64175800000001
2,70,35000,-495.823321,-175.8750044
2,71,35500,868.437161,-39.6514803
2,72,36000,-387.472574,-39.6514803
2,73,36500,-495.823321,-35.821140500000006
2,74,37000,-12.433846,12.315282899999996
2,75,37500,254.516304,42.779053999999995
2,76,38000,-447.156993,-83.37284310000001
2,77,38500,259.363835,-144.45413720000002
2,78,39000,-494.350537,-144.45413720000002
2,79,39500,254.495777,-69.62475150000002
2,80,40000,-493.79808,-69.42222740000001
2,81,40500,380.412483,-118.2246952
2,82,41000,166.31624,-62.845813799999995
2,83,41500,-494.350537,-62.69853539999999
2,84,42000,377.743888,-23.680761999999994
2,85,42500,377.096465,-11.42274589999999
2,86,43000,-4.928897,32.8000637
2,87,43500,-387.472574,-31.883577199999998
2,88,44000,867.56365,104.3078415
2,89,44500,-80.501538,70.80811000000001
2,90,45000,-495.823321,70.60558590000001
2,91,45500,260.313077,58.595645300000015
2,92,46000,254.778547,67.44187600000001
2,93,46500,162.710056,133.14793530000003
2,94,47000,259.302619,121.30380840000001
2,95,47500,-534.126719,30.181490000000007
2,96,48000,-80.776942,22.596685500000014
2,97,48500,867.19701,148.06364390000002
2,98,49000,240.258755,85.33315440000001
2,99,49500,366.065151,129.9898233
2,100,50000,259.521512,205.5243066
2,101,50500,-3.745758,179.11842310000003
2,102,51000,-493.79808,104.26076039999998
2,103,51500,-494.350537,38.5547011
2,104,52000,-534.126719,-40.788232699999995
2,105,52500,-534.126719,-40.788232699999995
2,106,53000,-447.156993,-77.4262378
2,107,53500,-387.472574,-202.89319619999998
2,108,54000,-4.228395,-227.3419112
2,109,54500,247.003987,-239.24802760000003
2,110,55000,-534.126719,-318.61285069999997
2,111,55500,-495.823321,-367.820607
2,112,56000,-495.823321,-368.0231311
2,113,56500,-4.881936,-319.076271
2,114,57000,-495.823321,-315.24593120000003
2,115,57500,21.499738,-259.6832855
2,116,58000,-534.126719,-268.3802581
2,117,58500,370.789758,-192.5540249
2,118,59000,-534.126719,-245.54385729999998
2,119,59500,-495.823321,-319.82658810000004
2,120,60000,163.035936,-250.11032260000002
2,121,60500,-387.472574,-239.27524789999998
2,122,61000,-495.823321,-239.2752479
2,123,61500,-495.823321,-288.3693864
2,124,62000,-494.350537,-288.22210800000005
2,125,62500,-447.156993,-335.0877811
2,126,63000,865.778959,-195.09721330000002
2,127,63500,366.825483,-195.4936408
2,128,64000,-79.370053,-150.01797420000003
2,129,64500,259.748144,-74.46082770000001
2,130,65000,-495.823321,-140.3467534
2,131,65500,-493.79808,-150.979304
2,132,66000,-493.79808,-150.7767799
2,133,66500,164.534576,-84.7409902
2,134,67000,-494.350537,-84.74099020000001
2,135,67500,164.949445,-23.53034640000001
2,136,68000,-494.350537,-159.543296
2,137,68500,-493.79808,-245.60565230000003
2,138,69000,843.175658,-153.3510812
2,139,69500,-387.472574,-218.073153
2,140,70000,162.628771,-152.2279438
2,141,70500,-534.126719,-156.2608077
2,142,71000,-387.472574,-145.62825709999998
2,143,71500,148.653901,-147.2163246
2,144,72000,-493.79808,-147.16107889999998
2,145,72500,-495.823321,-213.23835549999998
2,146,73000,165.880146,-147.2152872
2,147,73500,-495.823321,-147.41781129999998
2,148,74000,-493.79808,-281.1151851
2,149,74500,-493.79808,-291.7477357
2,150,75000,-534.126719,-361.4232847
2,151,75500,-494.350537,-357.4456665
2,152,76000,366.222994,-282.0761097
2,153,76500,-387.472574,-335.68875719999994
2,154,77000,-495.823321,-335.89128130000006
2,155,77500,-52.890692,-291.5980184
2,156,78000,-1.258726,-308.3119056
2,157,78500,-494.350537,-308.1646272
2,158,79000,-495.823321,-308.36715130000005
2,159,79500,-494.350537,-308.422397
2,160,80000,-494.350537,-304.44477880000005
2,161,80500,-5.720479,-255.58177299999997
2,162,81000,878.144537,-204.3896187
2,163,81500,-493.79808,-215.0221693
2,164,82000,-494.350537,-214.8748909
2,165,82500,-493.79808,-258.9656297
2,166,83000,241.710765,-234.66868059999996
2,167,83500,146.268347,-170.6067922
2,168,84000,-494.350537,-170.45951379999997
2,169,84500,-534.126719,-174.437132
2,170,85000,-495.823321,-174.5844104
2,171,85500,-447.156993,-218.72806179999998
2,172,86000,-495.823321,-356.1248476
2,173,86500,245.599184,-282.1851212
2,174,87000,-493.79808,-282.1298755
2,175,87500,-495.823321,-282.33239960000003
2,176,88000,-494.350537,-355.9385298
2,177,88500,-493.79808,-419.9451725
2,178,89000,-447.156993,-415.2258181
2,179,89500,242.00739,-337.6124072
2,180,90000,20.882578,-285.9418173
2,181,90500,878.86637,-153.33948100000003
2,182,91000,-447.156993,-148.47284820000002
2,183,91500,-493.79808,-222.41257460000003
2,184,92000,-495.823321,-222.6150987
2,185,92500,361.649412,-136.8678254
2,186,93000,-387.472574,-126.1800291
2,187,93500,-494.350537,-126.2352748
2,188,94000,-447.156993,-126.2352748
2,189,94500,245.098688,-125.92614499999999
2,190,95000,-534.126719,-181.4270747
2,191,95500,-493.79808,-318.6935197
2,192,96000,-387.472574,-312.7250778
2,193,96500,21.073837,-261.2378861
2,194,97000,-447.156993,-256.37125330000003
2,195,97500,-494.350537,-341.9712482
2,196,98000,-447.156993,-347.9396901
2,197,98500,-534.126719,-351.91730829999995
2,198,99000,-494.350537,-356.6366627
2,199,99500,256.221775,-355.52435399999996
2,200,100000,-495.823321,-351.69401419999997
3,1,500,156.368365,156.368365
3,2,1000,262.912435,209.6404
3,3,1500,262.789464,227.3567546666667
3,4,2000,262.460238,236.13262550000002
3,5,2500,258.835343,240.673169
3,6,3000,158.289836,226.94261350000002
3,7,3500,165.324941,218.14008885714287
3,8,4000,868.659311,299.45499162500005
3,9,4500,264.314613,295.5505051111111
3,10,5000,263.988107,292.39426530000003
3,11,5500,258.724408,302.6298696
3,12,6000,258.670585,302.20568460000004
3,13,6500,872.84433,363.2111712
3,14,7000,257.571244,362.7222718
3,15,7500,256.699226,362.50866010000004
3,16,8000,264.819956,373.1616721
3,17,8500,873.864924,444.0156704
3,18,9000,873.592058,444.5089451
3,19,9500,264.768652,444.554349
3,20,10000,265.114616,444.66699990000006
3,21,10500,255.175252,444.31208430000004
3,22,11000,256.412322,444.086258
3,23,11500,168.255571,373.6273821
3,24,12000,875.78396,435.44865369999997
3,25,12500,255.96635,435.37536610000006
3,26,13000,256.587257,434.55209620000005
3,27,13500,875.476845,434.71328830000004
3,28,14000,875.148246,434.8689071
3,29,14500,265.115753,434.9036172
3,30,15000,875.453408,495.93749640000004
3,31,15500,164.145534,486.83452460000007
3,32,16000,163.907725,477.5840649
3,33,16500,166.25111,477.3836188
3,34,17000,257.823169,415.5875397000001
3,35,17500,258.274408,415.8183455
3,36,18000,876.637724,477.82339220000006
3,37,18500,877.572934,478.0330011
3,38,19000,877.962308,478.3144073
3,39,19500,170.078405,468.81067250000007
3,40,20000,259.051006,407.1704323
3,41,20500,164.581918,407.21407070000004
3,42,21000,265.046161,417.3279143000001
3,43,21500,264.867288,427.1895321
3,44,22000,166.231465,418.03036170000007
3,45,22500,164.429563,408.64587720000003
3,46,23000,258.898274,346.87193220000006
3,47,23500,264.75996,285.5906348
3,48,24000,258.726995,223.66710350000002
3,49,24500,263.838404,233.0431034
3,50,25000,165.178294,223.65583220000002
3,51,25500,874.839999,294.68164029999997
3,52,26000,394.455569,307.62258110000005
3,53,26500,-534.126719,227.72318040000005
3,54,27000,-494.350537,161.6649802
3,55,27500,243.702878,169.59231170000004
3,56,28000,-447.156993,98.98678500000003
3,57,28500,-495.823321,22.928456900000025
3,58,29000,-447.156993,-47.659941899999964
3,59,29500,-78.480865,-81.89186879999997
3,60,30000,170.576321,-81.35206609999997
3,61,30500,-9.247482,-169.76081419999997
3,62,31000,-387.472574,-247.95362849999998
3,63,31500,-447.156993,-239.2566559
3,64,32000,-387.472574,-228.56885959999994
3,65,32500,-534.126719,-306.3518193
3,66,33000,164.790488,-245.15707119999996
3,67,33500,170.67306,-178.5074331
3,68,34000,-493.79808,-183.17154179999997
3,69,34500,262.397002,-149.08375509999996
3,70,35000,829.509223,-83.19046489999997
3,71,35500,-494.350537,-131.70077039999995
3,72,36000,-493.79808,-142.33332099999998
3,73,36500,249.186421,-72.69897959999996
3,74,37000,826.51261,48.69953880000004
3,75,37500,23.125108,104.42472150000003
3,76,38000,172.321708,105.17784350000004
3,77,38500,-387.472574,49.36328010000003
3,78,39000,-3.182093,98.42487880000004
3,79,39500,173.199497,89.50512830000005
3,80,40000,-494.350537,-42.88084769999996
3,81,40500,-387.472574,-32.19305139999996
3,82,41000,171.330654,34.319822000000045
3,83,41500,-534.126719,-44.011491999999954
3,84,42000,161.495419,-110.51321109999995
3,85,42500,248.51744,-87.97397789999995
3,86,43000,24.341621,-102.77198659999995
3,87,43500,822.685195,18.243790300000047
3,88,44000,164.005771,34.96257670000004
3,89,44500,-78.601922,9.782434800000047
3,90,45000,-534.126719,5.804816600000049
3,91,45500,-495.823321,-5.0302580999999575
3,92,46000,805.706845,58.40736100000005
3,93,46500,-387.472574,73.07277550000005
3,94,47000,857.939463,142.71717990000008
3,95,47500,384.336365,156.29907240000006
3,96,48000,-493.79808,104.48510230000004
3,97,48500,-387.472574,-16.53067459999995
3,98,49000,384.716881,5.54043640000005
3,99,49500,387.021629,52.102791500000045
3,100,50000,-447.156993,60.79976410000005
3,101,50500,161.827525,126.56484870000004
3,102,51000,-493.79808,-3.385643799999946
3,103,51500,-534.126719,-18.051058299999944
3,104,52000,257.388297,-78.10617489999996
3,105,52500,-447.156993,-161.25551069999997
3,106,53000,-494.350537,-161.31075639999995
3,107,53500,-387.472574,-161.31075639999995
3,108,54000,-534.126719,-253.1951163999999
3,109,54500,-447.156993,-336.6129785999999
3,110,55000,-493.79808,-341.2770872999999
3,111,55500,-447.156993,-402.1755390999999
3,112,56000,-447.156993,-397.51143039999994
3,113,56500,-495.823321,-393.68109059999995
3,114,57000,162.088213,-403.21109899999993
3,115,57500,-494.350537,-407.9304533999999
3,116,58000,-495.823321,-408.0777317999999
3,117,58500,-495.823321,-418.9128064999999
3,118,59000,-387.472574,-404.24739199999993
3,119,59500,-387.472574,-398.2789500999999
3,120,60000,-493.79808,-398.2789500999999
3,121,60500,-493.79808,-402.9430587999999
3,122,61000,-534.126719,-411.64003139999994
3,123,61500,385.406568,-323.51704249999995
3,124,62000,-447.156993,-384.44156309999994
3,125,62500,-493.79808,-384.38631739999994
3,126,63000,810.167901,-253.78719519999996
3,127,63500,242.953428,-179.90952029999994
3,128,64000,377.184932,-103.44376969999993
3,129,64500,-494.350537,-114.13156599999994
3,130,65000,242.823205,-40.469437499999934
3,131,65500,-534.126719,-44.50230139999992
3,132,66000,-51.785223,3.731848200000073
3,133,66500,-493.79808,-84.18861659999993
3,134,67000,-493.79808,-88.85272529999993
3,135,67500,387.867998,-0.6861174999999321
3,136,68000,-50.173988,-86.72030639999994
3,137,68500,-387.472574,-149.76290659999995
3,138,69000,171.200834,-170.36131639999994
3,139,69500,-494.350537,-170.36131639999994
3,140,70000,-447.156993,-239.35933619999997
3,141,70500,-494.350537,-235.38171799999995
3,142,71000,-447.156993,-274.9188949999999
3,143,71500,154.037993,-210.13528769999994
3,144,72000,-495.823321,-210.33781179999997
3,145,72500,-493.79808,-298.5044196
3,146,73000,23.6284,-291.1241808
3,147,73500,-387.472574,-291.1241807999999
3,148,74000,-387.472574,-346.99152159999994
3,149,74500,168.19651,-280.73681689999995
3,150,75000,-493.79808,-285.4009256
3,151,75500,169.193449,-219.0465269999999
3,152,76000,-387.472574,-213.07808509999995
3,153,76500,-387.472574,-267.2291417999999
3,154,77000,-447.156993,-262.36250899999993
3,155,77500,-387.472574,-251.72995839999993
3,156,78000,-387.472574,-292.84005579999996
3,157,78500,258.671562,-228.22564219999995
3,158,79000,173.769172,-172.10146759999995
3,159,79500,393.496303,-149.57148829999994
3,160,80000,169.960778,-83.19560249999994
3,161,80500,-493.79808,-149.49475539999995
3,162,81000,-534.126719,-164.16016989999994
3,163,81500,-534.126719,-178.82558439999994
3,164,82000,-534.126719,-187.52255699999992
3,165,82500,258.529488,-122.92235079999993
3,166,83000,173.222355,-66.85285789999993
3,167,83500,-534.126719,-146.13268599999992
3,168,84000,392.966241,-124.21297909999994
3,169,84500,-5.379922,-164.10060159999992
3,170,85000,-495.823321,-230.67901149999994
3,171,85500,-51.330229,-186.43222639999993
3,172,86000,-534.126719,-186.43222639999993
3,173,86500,-493.79808,-182.39936249999994
3,174,87000,-494.350537,-178.42174429999994
3,175,87500,396.504492,-164.62424389999995
3,176,88000,-494.350537,-231.38153309999993
3,177,88500,-534.126719,-231.38153309999993
3,178,89000,-493.79808,-320.05796519999996
3,179,89500,-387.472574,-358.2672303999999
3,180,90000,-493.79808,-358.06470629999995
3,181,90500,243.554386,-328.5762447999999
3,182,91000,-495.823321,-324.74590499999994
3,183,91500,844.498237,-190.91627329999997
3,184,92000,-494.350537,-190.91627329999994
3,185,92500,385.610289,-192.00569359999992
3,186,93000,-534.126719,-195.98331179999997
3,187,93500,172.832893,-125.28735059999994
3,188,94000,385.656974,-37.341845199999945
3,189,94500,390.100958,40.41550800000006
3,190,95000,-493.79808,40.41550800000006
3,191,95500,-387.472574,-22.687187999999942
3,192,96000,248.664716,51.761615700000064
3,193,96500,157.775994,-16.91060859999994
3,194,97000,-494.350537,-16.91060859999994
3,195,97500,-447.156993,-100.18733679999995
3,196,98000,-534.126719,-100.18733679999994
3,197,98500,-494.350537,-166.90567979999994
3,198,99000,-534.126719,-258.8840490999999
3,199,99500,-495.823321,-347.4764769999999
3,200,100000,-534.126719,-351.5093408999999
4,1,500,854.17896,854.17896
4,2,1000,157.316127,505.7475435
4,3,1500,158.078896,389.85799433333335
4,4,2000,852.579148,505.53828275
4,5,2500,157.707069,435.97204
4,6,3000,151.887296,388.62458266666664
4,7,3500,153.586775,355.047753
4,8,4000,263.915762,343.656254125
4,9,4500,254.460872,333.7456561111111
4,10,5000,862.709513,386.64204179999996
4,11,5500,255.66167,326.7903128
4,12,6000,256.571668,336.71586690000004
4,13,6500,856.50385,406.55836230000006
4,14,7000,165.872657,337.8877132
4,15,7500,864.537854,408.5707917
4,16,8000,263.395986,419.72166070000003
4,17,8500,858.31205,490.1941882
4,18,9000,164.759826,480.2785946
4,19,9500,262.829354,481.1154428
4,20,10000,857.688704,480.61336190000003
4,21,10500,256.418255,480.6890204
4,22,11000,165.1316,471.54501359999995
4,23,11500,263.217182,412.2163468
4,24,12000,256.601889,421.28927000000004
4,25,12500,165.047463,351.3402309
4,26,13000,256.246851,350.62531740000003
4,27,13500,262.401577,291.03427009999996
4,28,14000,164.706567,291.02894419999996
4,29,14500,159.365554,280.6825642
4,30,15000,165.106629,211.4243567
4,31,15500,164.413849,202.2239161
4,32,16000,257.652911,211.47604719999998
4,33,16500,861.840956,271.3384246
4,34,17000,165.347048,262.2129405
4,35,17500,862.128114,331.9210056
4,36,18000,165.437965,322.84011699999996
4,37,18500,864.000981,383.00005739999995
4,38,19000,262.163852,392.7457859
4,39,19500,257.548301,402.5640606
4,40,20000,860.947544,472.14815209999995
4,41,20500,257.352313,481.44199849999995
4,42,21000,863.368164,542.0135238
4,43,21500,257.376336,481.56706180000003
4,44,22000,165.688653,481.60122229999996
4,45,22500,261.583463,421.54675719999994
4,46,23000,862.005629,491.2035236
4,47,23500,261.512301,430.9546556
4,48,24000,261.549279,430.89319829999994
4,49,24500,863.331282,491.4714964
4,50,25000,256.216897,430.9984317
4,51,25500,256.770635,430.9402639
4,52,26000,-493.79808,295.2236395
4,53,26500,-495.823321,219.90367379999998
4,54,27000,-10.324725,202.30233600000003
4,55,27500,391.284175,215.2724072
4,56,28000,170.666427,146.138487
4,57,28500,-447.156993,75.2715576
4,58,29000,-534.126719,-4.296042200000005
4,59,29500,-493.79808,-140.0089784
4,60,30000,391.3631,-126.4943581
4,61,30500,-11.40586,-153.31200760000002
4,62,31000,174.982365,-86.4339631
4,63,31500,813.908586,44.53922759999999
4,64,32000,238.949561,69.46665619999999
4,65,32500,159.034609,46.24169959999999
4,66,33000,-494.350537,-20.25999680000001
4,67,33500,-494.350537,-24.979351200000007
4,68,34000,-534.126719,-24.979351200000007
4,69,34500,253.07702,49.70815879999999
4,70,35000,-387.472574,-28.175408600000004
4,71,35500,-495.823321,-76.6171547
4,72,36000,238.511994,-70.2641918
4,73,36500,248.579021,-126.7971483
4,74,37000,-387.472574,-189.4393618
4,75,37500,-447.156993,-250.05852200000004
4,76,38000,-495.823321,-250.2058004
4,77,38500,238.492863,-176.92146040000003
4,78,39000,-534.126719,-176.9214604
4,79,39500,261.285346,-176.10062779999998
4,80,40000,-534.126719,-190.7660423
4,81,40500,-534.126719,-194.59638209999997
4,82,41000,261.959163,-192.2516652
4,83,41500,-494.350537,-266.544621
4,84,42000,851.897335,-142.6076301
4,85,42500,-447.156993,-142.6076301
4,86,43000,-494.350537,-142.4603517
4,87,43500,-387.472574,-205.05689539999997
4,88,44000,874.950194,-64.14920409999999
4,89,44500,371.693969,-53.10834179999999
4,90,45000,-493.79808,-49.0754779
4,91,45500,821.687554,86.50594939999999
4,92,46000,377.749339,98.084967
4,93,46500,-447.156993,102.8043214
4,94,47000,22.792411,19.893828999999993
4,95,47500,874.618169,152.0713452
4,96,48000,-493.79808,152.12659089999997
4,97,48500,165.616347,207.43548299999998
4,98,49000,380.365492,157.97701279999995
4,99,49500,382.753236,159.08293949999998
4,100,50000,173.889961,225.85174360000002
4,101,50500,-387.472574,104.93573080000002
4,102,51000,-51.861512,61.97464570000001
4,103,51500,-494.350537,57.255291299999996
4,104,52000,-534.126719,1.5633782999999994
4,105,52500,383.485961,-47.5498425
4,106,53000,-534.126719,-51.58270639999999
4,107,53500,152.184345,-52.9259066
4,108,54000,-493.79808,-140.3422638
4,109,54500,384.684889,-140.14909849999998
4,110,55000,-495.823321,-207.1204267
4,111,55500,174.148929,-150.9582764
4,112,56000,874.309578,-58.3411674
4,113,56500,382.876553,29.3815416
4,114,57000,173.269324,100.1211459
4,115,57500,-493.79808,12.392741799999987
4,116,58000,175.625802,83.36799389999999
4,117,58500,-447.156993,23.433860099999983
4,118,59000,386.740167,111.48768479999998
4,119,59500,386.123479,111.63154379999999
4,120,60000,379.007196,199.1145955
4,121,60500,830.85794,264.7854966
4,122,61000,-495.823321,127.77220669999997
4,123,61500,-495.823321,39.90221929999997
4,124,62000,-534.126719,-30.83738500000003
4,125,62500,172.66525,35.80894799999997
4,126,63000,-494.350537,-31.18868590000003
4,127,63500,841.895122,97.71652559999998
4,128,64000,-387.472574,20.29525149999997
4,129,64500,164.292624,-1.8878340000000322
4,130,65000,-447.156993,-84.50425290000003
4,131,65500,-494.350537,-217.02510060000003
4,132,66000,-495.823321,-217.02510060000003
4,133,66500,-495.823321,-217.02510060000003
4,134,67000,-534.126719,-217.02510060000003
4,135,67500,-493.79808,-283.67143360000006
4,136,68000,-495.823321,-283.818712
4,137,68500,-493.79808,-417.3880322000001
4,138,69000,-4.077096,-379.0484844
4,139,69500,-494.350537,-444.91280050000006
4,140,70000,363.209565,-363.87614470000005
4,141,70500,-534.126719,-367.85376290000005
4,142,71000,-495.823321,-367.85376290000005
4,143,71500,-494.350537,-367.70648450000004
4,144,72000,-493.79808,-363.6736206
4,145,72500,365.716327,-277.7221799
4,146,73000,-493.79808,-277.5196558
4,147,73500,-534.126719,-281.5525197
4,148,74000,-495.823321,-330.7271422
4,149,74500,157.047667,-265.58732180000004
4,150,75000,-495.823321,-351.49061040000004
4,151,75500,-7.569389,-298.8348774
4,152,76000,875.830286,-161.66951670000003
4,153,76500,-534.126719,-165.64713490000003
4,154,77000,-494.350537,-165.70238060000003
4,155,77500,-494.350537,-251.70906700000006
4,156,78000,-494.350537,-251.76431270000003
4,157,78500,-447.156993,-243.0673401
4,158,79000,159.169322,-177.5680758
4,159,79500,-494.350537,-242.7078962
4,160,80000,-494.350537,-242.5606178
4,161,80500,-494.350537,-291.2387326
4,162,81000,-387.472574,-417.5690186
4,163,81500,361.084465,-328.0479002
4,164,82000,156.847562,-262.9280903
4,165,82500,-494.350537,-262.9280903
4,166,83000,-534.126719,-266.90570850000006
4,167,83500,153.664563,-206.8235529
4,168,84000,-495.823321,-272.32281720000003
4,169,84500,-60.621484,-228.94991190000002
4,170,85000,-387.472574,-218.26211560000002
4,171,85500,-493.79808,-218.20686990000004
4,172,86000,-58.275833,-185.2871958
4,173,86500,-493.79808,-270.7754503
4,174,87000,-534.126719,-339.8728784
4,175,87500,-534.126719,-343.85049660000004
4,176,88000,-495.823321,-340.02015680000005
4,177,88500,155.288301,-339.85778300000004
4,178,89000,-493.79808,-339.65525890000004
4,179,89500,-495.823321,-383.17544260000005
4,180,90000,-447.156993,-389.14388450000007
4,181,90500,354.472221,-304.3168544
4,182,91000,874.594265,-211.02984460000002
4,183,91500,-387.472574,-200.39729400000004
4,184,92000,-387.472574,-185.73187950000005
4,185,92500,-447.156993,-177.03490690000004
4,186,93000,146.249209,-112.82765390000004
4,187,93500,245.564443,-103.80003970000004
4,188,94000,-534.126719,-107.83290360000004
4,189,94500,-534.126719,-111.66324340000001
4,190,95000,-387.472574,-105.69480150000004
4,191,95500,254.971794,-115.64484420000004
4,192,96000,352.894466,-167.81482410000004
4,193,96500,-494.350537,-178.5026204
4,194,97000,21.745788,-137.5807842
4,195,97500,-387.472574,-131.6123423
4,196,98000,-495.823321,-195.8195953
4,197,98500,-493.79808,-269.75584760000004
4,198,99000,-58.113904,-222.15456610000007
4,199,99500,-495.823321,-218.32422630000002
4,200,100000,-495.823321,-229.15930100000006
5,1,500,849.535804,849.535804
5,2,1000,159.091777,504.3137905
5,3,1500,262.804461,423.81068066666666
5,4,2000,157.165044,357.1492715
5,5,2500,253.794637,336.4783446
5,6,3000,880.553227,427.15749166666666
5,7,3500,880.354324,491.8998962857143
5,8,4000,256.594526,462.486725
5,9,4500,168.510238,429.8226708888889
5,10,5000,262.034464,413.0438502
5,11,5500,258.161106,353.9063804
5,12,6000,258.403147,363.83751739999997
5,13,6500,875.855411,425.1426124000001
5,14,7000,258.233612,435.2494692
5,15,7500,260.776891,435.9476946
5,16,8000,262.659235,374.1582954
5,17,8500,262.428237,312.3656867
5,18,9000,259.316671,312.6379012
5,19,9500,260.427543,321.8296317
5,20,10000,164.991999,312.12538520000004
5,21,10500,262.408266,312.55010120000003
5,22,11000,876.883739,374.3981604
5,23,11500,167.659576,303.57857690000003
5,24,12000,260.563223,303.81153800000004
5,25,12500,257.96752,303.5306009
5,26,13000,257.838538,303.0485312
5,27,13500,258.331447,302.63885220000003
5,28,14000,166.49587,293.3567721
5,29,14500,261.117809,293.42579870000003
5,30,15000,166.333444,293.5599432
5,31,15500,167.046623,284.0237789
5,32,16000,166.987247,213.03412970000005
5,33,16500,260.838607,222.35203280000002
5,34,17000,256.426034,221.9383139
5,35,17500,876.372787,283.7788406
5,36,18000,254.529289,283.4479157
5,37,18500,876.253161,345.2400871
5,38,19000,874.792332,416.0697333
5,39,19500,874.377244,477.3956768
5,40,20000,260.679031,486.83023549999996
5,41,20500,163.74224,486.4997972
5,42,21000,873.715143,557.1725868
5,43,21500,166.100869,547.6988130000001
5,44,22000,255.56947,547.6131566
5,45,22500,256.466155,485.6224934
5,46,23000,166.603449,476.8299094
5,47,23500,259.65199,415.16979230000004
5,48,24000,260.394951,353.73005420000004
5,49,24500,255.154485,291.8077783
5,50,25000,872.35509,352.9753842
5,51,25500,260.374431,362.6386033
5,52,26000,-2.83649,274.98344000000003
5,53,26500,-495.823321,208.791021
5,54,27000,166.734679,199.9075419
5,55,27500,-495.823321,124.67859430000001
5,56,28000,-447.156993,63.30255009999998
5,57,28500,-387.472574,-1.4099063000000058
5,58,29000,-51.498693,-32.599270700000005
5,59,29500,-494.350537,-107.5497729
5,60,30000,253.990929,-169.386189
5,61,30500,393.412324,-156.0823997
5,62,31000,-534.126719,-209.21142260000002
5,63,31500,23.997997,-157.2292908
5,64,32000,-534.126719,-227.31543059999998
5,65,32500,-493.79808,-227.1129065
5,66,33000,836.236062,-98.773601
5,67,33500,253.299289,-34.6964147
5,68,34000,158.96357,-13.65018839999999
5,69,34500,-534.126719,-17.627806599999992
5,70,35000,-534.126719,-96.43957139999999
5,71,35500,247.080857,-111.0727181
5,72,36000,-387.472574,-96.40730359999999
5,73,36500,-11.268204,-99.9339237
5,74,37000,408.365454,-5.684706399999999
5,75,37500,403.159008,84.01100240000001
5,76,38000,-11.317029,-0.7443066999999937
5,77,38500,405.204805,14.44624490000001
5,78,39000,-447.156993,-46.16581139999999
5,79,39500,-387.472574,-31.50039689999999
5,80,40000,-534.126719,-31.50039689999999
5,81,40500,23.263671,-53.88211549999998
5,82,41000,-534.126719,-68.54752999999998
5,83,41500,245.942532,-42.826456399999984
5,84,42000,402.290269,-43.43397489999999
5,85,42500,171.471633,-66.60271239999999
5,86,43000,-495.823321,-115.05334159999998
5,87,43500,-494.350537,-205.0088758
5,88,44000,-494.350537,-209.72823019999996
5,89,44500,-495.823321,-220.5633049
5,90,45000,-493.79808,-216.53044099999997
5,91,45500,398.64789,-178.9920191
5,92,46000,-48.33108,-130.4124552
5,93,46500,246.172488,-130.38945959999998
5,94,47000,-447.156993,-215.33418579999997
5,95,47500,404.213516,-192.05999749999998
5,96,48000,-495.823321,-192.05999749999998
5,97,48500,-80.679345,-150.6928783
5,98,49000,1.26986,-101.13083859999999
5,99,49500,-494.350537,-100.98356019999999
5,100,50000,246.51134,-26.952618199999982
5,101,50500,259.131781,-40.90422909999999
5,102,51000,-495.823321,-85.65345319999999
5,103,51500,-80.359213,-118.30662329999998
5,104,52000,372.724525,-36.318471499999994
5,105,52500,371.814327,-39.55839039999999
5,106,53000,838.339872,93.8579289
5,107,53500,-495.823321,52.343531299999995
5,108,54000,-493.79808,2.8367372999999985
5,109,54500,843.027696,136.57456059999998
5,110,55000,245.839131,136.5073397
5,111,55500,-447.156993,65.87846230000001
5,112,56000,-495.823321,65.8784623
5,113,56500,-493.79808,24.5345756
5,114,57000,-534.126719,-66.1505488
5,115,57500,-494.350537,-152.7670352
5,116,58000,-534.126719,-290.0136943
5,117,58500,-387.472574,-279.1786196
5,118,59000,168.715804,-212.9272312
5,119,59500,-447.156993,-341.9457001
5,120,60000,167.92983,-349.7366302
5,121,60500,874.777864,-217.54314449999998
5,122,61000,-53.514682,-173.3122806
5,123,61500,371.575146,-86.774958
5,124,62000,258.689795,-7.493306599999983
5,125,62500,-447.156993,-2.773952199999985
5,126,63000,166.801777,67.31889740000001
5,127,63500,-493.79808,56.6863468
5,128,64000,-493.79808,-9.56504159999999
5,129,64500,-494.350537,-14.284395999999987
5,130,65000,-495.823321,-80.65971109999998
5,131,65500,-387.472574,-206.88475489999996
5,132,66000,375.375227,-163.99576399999998
5,133,66500,-534.126719,-254.56595049999996
5,134,67000,-494.350537,-329.86998370000003
5,135,67500,-493.79808,-334.5340924
5,136,68000,373.099321,-313.90433799999994
5,137,68500,375.274766,-226.99705339999997
5,138,69000,-10.415632,-178.6588086
5,139,69500,154.743894,-113.74936549999998
5,140,70000,373.779893,-26.789044099999977
5,141,70500,-495.823321,-37.62411879999998
5,142,71000,-447.156993,-119.87734079999998
5,143,71500,-387.472574,-105.21192629999999
5,144,72000,168.214302,-38.95544239999998
5,145,72500,-387.472574,-28.322891799999987
5,146,73000,371.527984,-28.480025499999982
5,147,73500,-495.823321,-115.5898342
5,148,74000,-447.156993,-159.26397029999998
5,149,74500,-495.823321,-224.3206918
5,150,75000,-494.350537,-311.1337348
5,151,75500,-495.823321,-311.1337348
5,152,76000,-493.79808,-315.7978435
5,153,76500,-447.156993,-321.7662854
5,154,77000,257.769791,-312.81073649999996
5,155,77500,-494.350537,-323.49853279999996
5,156,78000,-494.350537,-410.0863848999999
5,157,78500,21.640512,-358.3400016
5,158,79000,-534.126719,-367.0369742
5,159,79500,-493.79808,-366.8344501
5,160,80000,-493.79808,-366.77920439999997
5,161,80500,-494.350537,-366.63192599999996
5,162,81000,-494.350537,-366.6871717
5,163,81500,241.238406,-297.8476318
5,164,82000,-5.09373,-324.1339839
5,165,82500,-447.156993,-319.41462949999993
5,166,83000,258.87118,-244.0924578
5,167,83500,-493.79808,-295.636317
5,168,84000,-495.823321,-291.8059772
5,169,84500,-494.350537,-291.8612229
5,170,85000,-495.823321,-292.06374700000003
5,171,85500,-50.965746,-247.72526789999998
5,172,86000,-387.472574,-237.03747159999998
5,173,86500,368.592426,-224.3020696
5,174,87000,-447.156993,-268.5083959
5,175,87500,-495.823321,-273.3750287
5,176,88000,-493.79808,-348.6419547
5,177,88500,-534.126719,-352.6748186
5,178,89000,-534.126719,-356.50515839999997
5,179,89500,-493.79808,-356.4499127
5,180,90000,22.654846,-304.60209599999996
5,181,90500,-447.156993,-344.22122069999995
5,182,91000,-493.79808,-354.85377129999995
5,183,91500,257.572142,-365.9557997
5,184,92000,-494.350537,-370.6751541
5,185,92500,-387.472574,-359.84007940000004
5,186,93000,-79.902374,-318.45050879999997
5,187,93500,-494.350537,-314.47289059999997
5,188,94000,-4.678324,-261.52805109999997
5,189,94500,-494.350537,-261.58329679999997
5,190,95000,-447.156993,-308.5644807
5,191,95500,-495.823321,-313.4311134999999
5,192,96000,-10.887225,-265.1400279999999
5,193,96500,241.204957,-266.77674649999994
5,194,97000,162.685534,-201.07313939999997
5,195,97500,240.635278,-138.26235419999995
5,196,98000,-493.79808,-179.6519248
5,197,98500,-495.823321,-179.7992032
5,198,99000,-493.79808,-228.71117879999997
5,199,99500,-11.001455,-180.37627059999997
5,200,100000,-534.126719,-189.07324319999998
6,1,500,256.681927,256.681927
6,2,1000,853.596836,555.1393815
6,3,1500,850.801712,653.6934916666667
6,4,2000,255.806532,554.22175175
6,5,2500,156.899372,474.7572758
6,6,3000,255.372527,438.193151
6,7,3500,878.904295,501.1518858571429
6,8,4000,255.875036,470.492279625
6,9,4500,257.272612,446.80120544444446
6,10,5000,161.032211,418.22430599999996
6,11,5500,261.998498,418.75596310000003
6,12,6000,869.850691,420.3813486
6,13,6500,257.593985,361.0605759
6,14,7000,871.343071,422.6142298000001
6,15,7500,169.393555,423.8636481
6,16,8000,258.73828,424.20022339999997
6,17,8500,869.75389,423.2851829
6,18,9000,868.473962,484.5450755
6,19,9500,258.529633,484.67077759999995
6,20,10000,264.69825,495.0373815
6,21,10500,871.461725,555.9837041999999
6,22,11000,264.856284,495.4842635
6,23,11500,168.030169,486.5278818999999
6,24,12000,165.447496,415.93832439999994
6,25,12500,168.21414,415.8203829
6,26,13000,264.600658,416.40662069999996
6,27,13500,168.046455,346.23587719999995
6,28,14000,169.360172,276.3244982
6,29,14500,874.378479,337.9093828
6,30,15000,162.105339,327.6500917
6,31,15500,163.783283,256.8822475
6,32,16000,164.203629,246.816982
6,33,16500,265.267522,256.5407173
6,34,17000,263.591996,266.3551673
6,35,17500,258.539944,275.3877477
6,36,18000,263.349016,275.2625835
6,37,18500,873.430482,345.8009862
6,38,19000,159.676658,344.8326348
6,39,19500,874.498204,344.8446073
6,40,20000,256.052391,354.2393125
6,41,20500,876.85443,425.54642720000004
6,42,21000,875.010062,496.6270705
6,43,21500,157.702283,485.87054659999995
6,44,22000,256.800046,485.19135159999996
6,45,22500,156.274688,474.964826
6,46,23000,259.791382,474.6090625999999
6,47,23500,874.683731,474.73438749999997
6,48,24000,253.848655,484.1515872
6,49,24500,158.885217,412.59028849999993
6,50,25000,159.735441,402.9585935
6,51,25500,261.505701,341.42372059999997
6,52,26000,875.669077,341.4896221
6,53,26500,-494.350537,276.28434009999995
6,54,27000,-447.156993,205.8886362
6,55,27500,-493.79808,140.8813594
6,56,28000,240.271349,138.9293561
6,57,28500,-534.126719,-1.9516888999999993
6,58,29000,-493.79808,-76.71636240000001
6,59,29500,-494.350537,-142.03993780000002
6,60,30000,-534.126719,-211.42615379999998
6,61,30500,149.919158,-222.5848081
6,62,31000,-534.126719,-363.5643877
6,63,31500,876.994452,-226.4298888
6,64,32000,-495.823321,-231.2965216
6,65,32500,-534.126719,-235.3293855
6,66,33000,24.582503,-256.8982701
6,67,33500,-534.126719,-256.8982701
6,68,34000,255.374063,-181.98105579999998
6,69,34500,-447.156993,-177.2617014
6,70,35000,-495.823321,-173.4313616
6,71,35500,256.071218,-162.8161556
6,72,36000,-534.126719,-162.8161556
6,73,36500,263.167018,-224.19889899999998
6,74,37000,-493.79808,-223.9963749
6,75,37500,249.544998,-145.6292032
6,76,38000,192.631456,-128.8243079
6,77,38500,-387.472574,-114.15889340000001
6,78,39000,427.216362,-96.97466349999999
6,79,39500,-10.719421,-53.3309063
6,80,40000,-534.126719,-57.16124609999999
6,81,40500,-494.350537,-132.2034216
6,82,41000,-387.472574,-117.5380071
6,83,41500,-494.350537,-193.2897626
6,84,42000,872.551257,-56.654828900000005
6,85,42500,-447.156993,-126.325028
6,86,43000,-447.156993,-190.3038729
6,87,43500,-48.725047,-156.4291202
6,88,44000,-495.823321,-248.73308849999998
6,89,44500,-534.126719,-301.07381829999997
6,90,45000,157.454663,-231.91568009999997
6,91,45500,-534.126719,-235.89329830000003
6,92,46000,-495.823321,-246.728373
6,93,46500,-387.472574,-236.04057670000003
6,94,47000,-493.79808,-372.6755104
6,95,47500,158.151429,-312.1446682
6,96,48000,-495.823321,-317.011301
6,97,48500,834.232033,-228.71559300000004
6,98,49000,-5.853482,-179.7186091
6,99,49500,162.841384,-110.02179880000001
6,100,50000,187.235004,-107.0437647
6,101,50500,839.332215,30.30212869999999
6,102,51000,-387.472574,41.13720339999999
6,103,51500,153.443483,95.22880909999999
6,104,52000,-79.207172,136.6878999
6,105,52500,-495.823321,71.29042489999999
6,106,53000,-534.126719,67.46008509999999
6,107,53500,413.432628,25.380144599999994
6,108,54000,-447.156993,-18.750206500000008
6,109,54500,-534.126719,-88.4470168
6,110,55000,-494.350537,-156.6055709
6,111,55500,-48.764394,-245.4152318
6,112,56000,872.78411,-119.3895634
6,113,56500,-495.823321,-184.3162438
6,114,57000,181.328232,-158.26270340000002
6,115,57500,-534.126719,-162.09304319999998
6,116,58000,-493.79808,-158.06017930000002
6,117,58500,-534.126719,-252.81611400000003
6,118,59000,-495.823321,-257.6827468
6,119,59500,-494.350537,-253.7051286
6,120,60000,-447.156993,-248.9857742
6,121,60500,-493.79808,-293.4891428
6,122,61000,-447.156993,-425.4832531
6,123,61500,-494.350537,-425.33597470000007
6,124,62000,-534.126719,-496.8814698
6,125,62500,-387.472574,-482.2160553
6,126,63000,-495.823321,-482.4185794000001
6,127,63500,-534.126719,-482.4185794000001
6,128,64000,-493.79808,-482.2160553
6,129,64500,23.830518,-430.39794980000005
6,130,65000,-495.823321,-435.2645826000001
6,131,65500,-493.79808,-435.2645826000001
6,132,66000,-387.472574,-429.2961407000001
6,133,66500,172.887914,-362.5722956
6,134,67000,-494.350537,-358.5946774
6,135,67500,260.646421,-293.78277790000004
6,136,68000,-493.79808,-293.58025380000004
6,137,68500,256.963554,-214.4712265
6,138,69000,-534.126719,-218.50409040000005
6,139,69500,-447.156993,-265.60284150000007
6,140,70000,-494.350537,-265.4555631
6,141,70500,-495.823321,-265.6580872
6,142,71000,-534.126719,-280.3235017
6,143,71500,-534.126719,-351.024965
6,144,72000,170.556925,-284.5342188
6,145,72500,-534.126719,-364.01153280000005
6,146,73000,370.921191,-277.5396057
6,147,73500,-387.472574,-341.9832185
6,148,74000,169.261865,-271.64436010000003
6,149,74500,169.099532,-210.01870760000003
6,150,75000,-447.156993,-205.29935319999998
6,151,75500,-494.350537,-205.15207479999998
6,152,76000,-494.350537,-201.1744566
6,153,76500,-494.350537,-197.1968384
6,154,77000,-447.156993,-258.9682302
6,155,77500,837.960305,-121.75952780000003
6,156,78000,-494.350537,-208.2867006
6,157,78500,242.055723,-145.33387090000002
6,158,79000,370.262857,-125.2337717
6,159,79500,-79.710148,-150.11473970000003
6,160,80000,-447.156993,-150.11473970000003
6,161,80500,-493.79808,-150.05949400000003
6,162,81000,-10.181483,-101.64258860000001
6,163,81500,-495.823321,-101.78986700000003
6,164,82000,-495.823321,-106.65649980000003
6,165,82500,-447.156993,-235.16822960000005
6,166,83000,-534.126719,-239.14584780000004
6,167,83500,-494.350537,-312.7864738
6,168,84000,-494.350537,-399.2478132
6,169,84500,-493.79808,-440.65660640000004
6,170,85000,-534.126719,-449.35357899999997
6,171,85500,-495.823321,-449.55610310000003
6,172,86000,-534.126719,-501.9506267
6,173,86500,-493.79808,-501.7481025999999
6,174,87000,-534.126719,-505.57844240000003
6,175,87500,-494.350537,-510.2977968
6,176,88000,-447.156993,-501.6008242
6,177,88500,-9.894946,-453.1552651
6,178,89000,-534.126719,-457.13288329999995
6,179,89500,-534.126719,-461.1657472
6,180,90000,-387.472574,-446.50033270000006
6,181,90500,-534.126719,-450.33067250000005
6,182,91000,-447.156993,-441.6336999
6,183,91500,246.998588,-367.55403309999997
6,184,92000,-493.79808,-363.5211692
6,185,92500,-447.156993,-358.8018148
6,186,93000,-495.823321,-363.66844760000004
6,187,93500,-534.126719,-416.0916249
6,188,94000,-387.472574,-401.42621040000006
6,189,94500,-494.350537,-397.4485922
6,190,95000,-495.823321,-408.2836669
6,191,95500,-447.156993,-399.58669430000003
6,192,96000,-534.126719,-408.2836669
6,193,96500,-10.418132,-434.02533890000007
6,194,97000,-495.823321,-434.22786299999996
6,195,97500,24.488635,-387.0633002
6,196,98000,363.637707,-301.1171974
6,197,98500,160.730287,-231.6314968
6,198,99000,-495.823321,-242.46657150000001
6,199,99500,-447.156993,-237.74721710000003
6,200,100000,-79.868326,-196.15171760000004
7,1,500,157.772726,157.772726
7,2,1000,851.530336,504.65153100000003
7,3,1500,851.12357,620.1422106666668
7,4,2000,155.333663,503.94007375
7,5,2500,870.743875,577.300834
7,6,3000,153.98846,506.7487716666667
7,7,3500,151.268042,455.96581028571427
7,8,4000,262.090973,431.731455625
7,9,4500,261.785566,412.84857900000003
7,10,5000,255.666334,397.1303545
7,11,5500,255.649323,406.9180142
7,12,6000,168.140233,338.5790039
7,13,6500,166.792473,270.1458942
7,14,7000,263.555251,280.968053
7,15,7500,257.941501,219.68781559999996
7,16,8000,165.669659,220.85593550000004
7,17,8500,264.143287,232.14346
7,18,9000,168.676195,222.80198220000003
7,19,9500,261.873658,222.81079140000003
7,20,10000,258.170679,223.0612259
7,21,10500,171.181261,214.6144197
7,22,11000,258.629867,223.6633831
7,23,11500,257.53039,232.7371748
7,24,12000,257.214094,232.10305909999997
7,25,12500,874.756377,293.7845467
7,26,13000,258.367582,303.05433899999997
7,27,13500,170.891522,293.72916250000003
7,28,14000,255.727111,302.4342541
7,29,14500,255.492356,301.7961239
7,30,15000,874.044348,363.3834908
7,31,15500,873.925346,433.6578993
7,32,16000,873.167882,495.1117008
7,33,16500,874.116963,556.7703581
7,34,17000,171.413776,548.1903263
7,35,17500,171.184193,477.8331079000001
7,36,18000,169.687935,468.96514319999994
7,37,18500,870.295484,538.9055394
7,38,19000,872.371963,600.5700245999999
7,39,19500,256.86544,600.7073330000001
7,40,20000,170.568628,530.3597609999999
7,41,20500,254.540389,468.4212653000001
7,42,21000,261.043796,407.20885669999996
7,43,21500,169.305085,336.72766889999997
7,44,22000,261.745511,345.7608424
7,45,22500,168.484524,345.4908755
7,46,23000,872.140346,415.73611659999995
7,47,23500,262.020104,354.90857859999994
7,48,24000,261.484755,293.8198578
7,49,24500,253.307969,293.46411070000005
7,50,25000,260.671168,302.4743647
7,51,25500,260.222796,303.0426054
7,52,26000,404.287507,317.3669765
7,53,26500,-495.823321,250.85413590000002
7,54,27000,403.623557,265.0419405
7,55,27500,-493.79808,198.8136801
7,56,28000,260.917256,137.6913711
7,57,28500,-3.131605,111.1762002
7,58,29000,834.945681,168.5222928
7,59,29500,240.26125,167.2176209
7,60,30000,-494.350537,91.7154504
7,61,30500,867.626855,152.4558563
7,62,31000,-534.126719,58.61443369999999
7,63,31500,-387.472574,69.4495084
7,64,32000,-387.472574,-9.660104700000005
7,65,32500,-534.126719,-13.6929686
7,66,33000,-447.156993,-84.5003935
7,67,33500,404.640435,-43.7231895
7,68,34000,147.957055,-112.4220521
7,69,34500,-447.156993,-181.1638764
7,70,35000,243.936995,-107.3351232
7,71,35500,-54.928894,-199.5906981
7,72,36000,-494.350537,-195.61307989999997
7,73,36500,867.192808,-70.14654169999997
7,74,37000,-387.472574,-70.14654169999997
7,75,37500,-493.79808,-66.11367779999998
7,76,38000,405.138449,19.115866400000016
7,77,38500,871.251511,65.77697400000002
7,78,39000,-11.752583,49.80601020000002
7,79,39500,147.862809,109.30799040000002
7,80,40000,-494.350537,35.47923720000002
7,81,40500,19.214932,42.89361980000002
7,82,41000,836.806719,176.00934540000003
7,83,41500,-494.350537,39.85501090000002
7,84,42000,871.490511,165.7513194
7,85,42500,-534.126719,161.71845550000003
7,86,43000,-495.823321,71.62227850000002
7,87,43500,-493.79808,-64.88268059999999
7,88,44000,19.13373,-61.7940493
7,89,44500,-494.350537,-126.01538389999999
7,90,45000,844.980261,7.917695900000024
7,91,45500,-495.823321,-43.58612939999998
7,92,46000,417.181666,-85.54863470000001
7,93,46500,151.594755,-20.954105499999994
7,94,47000,-11.229454,-109.226102
7,95,47500,155.961017,-40.21732839999999
7,96,48000,-387.472574,-29.38225369999999
7,97,48500,-493.79808,-29.38225369999999
7,98,49000,-534.126719,-84.70829859999999
7,99,49500,877.822113,52.508966400000006
7,100,50000,255.033709,-6.485688799999997
7,101,50500,255.039895,68.6006328
7,102,51000,-495.823321,-22.6998659
7,103,51500,-447.156993,-82.5750407
7,104,52000,180.224461,-63.42964920000001
7,105,52500,-447.156993,-123.7414502
7,106,53000,178.522783,-67.1419145
7,107,53500,-387.472574,-56.5093639
7,108,54000,177.77219,14.680527000000003
7,109,54500,-495.823321,-122.68401639999999
7,110,55000,-494.350537,-197.62244099999998
7,111,55500,877.769449,-135.34948559999998
7,112,56000,-495.823321,-135.34948559999998
7,113,56500,-51.350446,-95.76883089999998
7,114,57000,-534.126719,-167.20394889999997
7,115,57500,155.066066,-106.98164299999999
7,116,58000,170.006735,-107.83324779999998
7,117,58500,-447.156993,-113.8016897
7,118,59000,374.207052,-94.15820349999998
7,119,59500,145.261276,-30.04974379999998
7,120,60000,239.37361,43.32267090000001
7,121,60500,-493.79808,-93.834082
7,122,61000,-387.472574,-82.99900729999999
7,123,61500,-447.156993,-122.57966199999998
7,124,62000,-534.126719,-122.57966199999998
7,125,62500,-447.156993,-182.8019679
7,126,63000,-387.472574,-238.5498988
7,127,63500,-387.472574,-232.58145689999998
7,128,64000,-495.823321,-319.5844942
7,129,64500,-387.472574,-372.85787919999996
7,130,65000,-534.126719,-450.2079121
7,131,65500,353.644116,-365.4636925
7,132,66000,-9.243494,-327.6407845
7,133,66500,-447.156993,-327.6407845
7,134,67000,154.849397,-258.7431729
7,135,67500,-387.472574,-252.77473099999997
7,136,68000,-495.823321,-263.6098057
7,137,68500,-494.350537,-274.297602
7,138,69000,154.574674,-209.25780249999997
7,139,69500,356.832901,-134.82725499999998
7,140,70000,-493.79808,-130.79439109999998
7,141,70500,-11.592021,-167.31800479999998
7,142,71000,-494.350537,-215.82870909999997
7,143,71500,152.191191,-155.8938907
7,144,72000,-494.350537,-220.8138841
7,145,72500,-447.156993,-226.782326
7,146,73000,151.635501,-162.03644379999997
7,147,73500,-447.156993,-157.3170894
7,148,74000,-387.472574,-211.52181419999997
7,149,74500,-534.126719,-300.6177761999999
7,150,75000,877.761288,-163.46183939999997
7,151,75500,823.444269,-79.95821039999997
7,152,76000,-495.823321,-80.10548879999996
7,153,76500,-494.350537,-144.7596616
7,154,77000,-495.823321,-144.90693999999996
7,155,77500,-534.126719,-153.60391259999997
7,156,78000,-494.350537,-218.20251639999998
7,157,78500,258.183736,-147.66844349999997
7,158,79000,-447.156993,-153.63688539999998
7,159,79500,239.72404,-76.25180949999998
7,160,80000,255.726861,-138.45525219999996
7,161,80500,877.728126,-133.02686649999995
7,162,81000,257.806008,-57.663933599999986
7,163,81500,-534.126719,-61.64155179999998
7,164,82000,145.406853,2.481465600000024
7,165,82500,-494.350537,6.459083800000025
7,166,83000,-447.156993,11.178438200000022
7,167,83500,-495.823321,-64.22226749999997
7,168,84000,-494.350537,-68.94162189999997
7,169,84500,-447.156993,-137.6297252
7,170,85000,833.892924,-79.81311889999998
7,171,85500,-494.350537,-217.02098519999996
7,172,86000,-495.823321,-292.38391809999996
7,173,86500,-54.142583,-244.38550449999997
7,174,87000,-494.350537,-308.3612435
7,175,87500,351.48447,-223.7777428
7,176,88000,-494.350537,-228.4970972
7,177,88500,146.2734,-164.28742509999998
7,178,89000,-495.823321,-164.43470349999998
7,179,89500,-387.472574,-158.46626159999997
7,180,90000,-495.823321,-291.4378861
7,181,90500,244.779818,-217.52485059999998
7,182,91000,-494.350537,-217.37757219999997
7,183,91500,-387.472574,-250.7105713
7,184,92000,-447.156993,-245.99121689999998
7,185,92500,347.400299,-246.39963399999996
7,186,93000,-80.808783,-205.0454586
7,187,93500,837.381466,-135.93465199999997
7,188,94000,-534.126719,-139.7649918
7,189,94500,-493.79808,-150.39754239999996
7,190,95000,-447.156993,-145.53090959999997
7,191,95500,-493.79808,-219.3886994
7,192,96000,-11.084611,-171.06210679999998
7,193,96500,-447.156993,-177.0305487
7,194,97000,-10.031809,-133.31803029999998
7,195,97500,-53.769104,-173.43497059999999
7,196,98000,-53.67018,-170.72111030000002
7,197,98500,-494.350537,-303.8943106
7,198,99000,-387.472574,-289.2288961
7,199,99500,-494.350537,-289.2841418
7,200,100000,-387.472574,-283.31569989999997
8,1,500,851.9522,851.9522
8,2,1000,256.046013,553.9991064999999
8,3,1500,262.812036,456.9367496666666
8,4,2000,156.887479,381.92443199999997
8,5,2500,256.510686,356.8416828
8,6,3000,254.079145,339.71459316666665
8,7,3500,871.525437,415.6875708571429
8,8,4000,157.375377,383.398546625
8,9,4500,872.712985,437.7668175555556
8,10,5000,167.055002,410.69563600000004
8,11,5500,259.739741,351.47439010000005
8,12,6000,257.152818,351.5850706
8,13,6500,875.834221,412.8872891
8,14,7000,258.575265,423.05606769999997
8,15,7500,257.690299,423.17402899999996
8,16,8000,258.657762,423.6318907
8,17,8500,262.346055,362.71395249999995
8,18,9000,262.387675,373.2151823
8,19,9500,875.624568,373.5063406
8,20,10000,258.422155,382.6430558999999
8,21,10500,171.081287,373.7772105
8,22,11000,261.58171,374.2200997
8,23,11500,169.974148,303.6340924
8,24,12000,258.65942,303.64250789999994
8,25,12500,260.606097,303.9340877
8,26,13000,261.202548,304.1885663
8,27,13500,258.031857,303.7571465
8,28,14000,260.510386,303.5694176
8,29,14500,170.12159,233.0191198
8,30,15000,170.888591,224.26576340000003
8,31,15500,170.634371,224.22107179999998
8,32,16000,258.457299,223.90863069999995
8,33,16500,261.414088,233.05262469999997
8,34,17000,258.629178,233.0496005
8,35,17500,258.407168,232.82970759999998
8,36,18000,873.796113,294.0890641
8,37,18500,258.212077,294.1070861
8,38,19000,870.591024,355.1151499
8,39,19500,258.184267,363.9214176
8,40,20000,871.709919,434.00355039999994
8,41,20500,260.53059,442.99317229999997
8,42,21000,170.334656,434.180908
8,43,21500,870.338631,495.0733623
8,44,22000,258.722199,495.0826644
8,45,22500,170.53756,486.29570359999997
8,46,23000,258.212677,424.73735999999997
8,47,23500,170.420523,415.95820459999993
8,48,24000,256.592889,354.5583911
8,49,24500,159.191895,344.6591539
8,50,25000,258.492862,283.33744820000004
8,51,25500,257.031532,282.98754240000005
8,52,26000,245.431105,290.4971873
8,53,26500,150.450443,218.50836850000002
8,54,27000,395.540676,232.19021619999998
8,55,27500,-493.79808,165.75665220000002
8,56,28000,259.041754,165.83955989999998
8,57,28500,-47.761971,144.0213105
8,58,29000,245.996428,142.96166440000002
8,59,29500,379.084556,164.9509305
8,60,30000,162.70334,155.3719783
8,61,30500,259.060201,155.57484520000003
8,62,31000,-495.823321,81.44940260000001
8,63,31500,-495.823321,16.822026200000003
8,64,32000,246.763039,1.944262500000002
8,65,32500,-447.156993,6.608371200000005
8,66,33000,777.274377,58.4316335
8,67,33500,-387.472574,24.4605732
8,68,34000,-493.79808,-49.51887760000001
8,69,34500,359.803331,-51.44700010000001
8,70,35000,158.062399,-51.911094200000015
8,71,35500,771.192888,-0.6978255000000104
8,72,36000,863.716121,135.2561187
8,73,36500,365.616925,221.4001433
8,74,37000,255.780583,222.3018977
8,75,37500,2.869582,267.3045552
8,76,38000,243.954367,213.97255420000002
8,77,38500,241.852368,276.9050484
8,78,39000,255.419222,351.8267786
8,79,39500,-494.350537,266.4113918
8,80,40000,-79.757437,242.6294082
8,81,40500,-534.126719,112.0974475
8,82,41000,358.988481,61.62468349999999
8,83,41500,360.169912,61.079982199999996
8,84,42000,257.563192,61.2582431
8,85,42500,775.427001,138.513985
8,86,43000,256.880589,139.8066072
8,87,43500,-387.472574,76.87411300000001
8,88,44000,-495.823321,1.7498586999999985
8,89,44500,-48.046161,46.3802963
8,90,45000,-534.126719,0.9433680999999978
8,91,45500,-495.823321,4.773707899999994
8,92,46000,775.802944,46.455154199999996
8,93,46500,-387.472574,-28.309094400000003
8,94,47000,-447.156993,-98.78111290000001
8,95,47500,-494.350537,-225.7588667
8,96,48000,-447.156993,-296.16262489999997
8,97,48500,-447.156993,-302.1310668
8,98,49000,-387.472574,-291.29599210000003
8,99,49500,-387.472574,-325.23863339999997
8,100,50000,767.596327,-195.0663288
8,101,50500,257.149852,-119.7690115
8,102,51000,-387.472574,-236.0965633
8,103,51500,159.798722,-181.36943370000003
8,104,52000,256.25795,-111.02793940000001
8,105,52500,360.174813,-25.575404400000018
8,106,53000,163.00143,35.440437899999985
8,107,53500,-494.350537,30.721083499999985
8,108,54000,-447.156993,24.752641599999976
8,109,54500,376.81053,101.18095199999998
8,110,55000,-494.350537,-25.01373440000001
8,111,55500,170.854413,-33.643278300000006
8,112,56000,-495.823321,-44.47835300000001
8,113,56500,173.042302,-43.153995000000016
8,114,57000,400.780683,-28.701721700000014
8,115,57500,392.73964,-25.445239000000015
8,116,58000,-387.472574,-80.4926394
8,117,58500,876.934472,56.63586149999999
8,118,59000,19.372971,103.2888579
8,119,59500,357.012003,101.30900519999997
8,120,60000,-494.350537,101.30900519999999
8,121,60500,157.144731,99.93803699999998
8,122,61000,-495.823321,99.93803699999998
8,123,61500,-387.472574,43.88654939999998
8,124,62000,-495.823321,-45.77385100000002
8,125,62500,-11.651583,-86.21297330000002
8,126,63000,242.212831,-23.24443280000002
8,127,63500,-534.126719,-164.35055190000003
8,128,64000,-534.126719,-219.7005209
8,129,64500,-493.79808,-304.7815292
8,130,65000,362.229153,-219.12356020000001
8,131,65500,156.945755,-219.1434578
8,132,66000,156.632254,-153.8979003
8,133,66500,-534.126719,-168.5633148
8,134,67000,-387.472574,-157.72824010000005
8,135,67500,-387.472574,-195.31033920000002
8,136,68000,155.413817,-203.99024060000002
8,137,68500,362.533659,-114.32420280000004
8,138,69000,-447.156993,-105.62723020000003
8,139,69500,-494.350537,-105.68247590000003
8,140,70000,-493.79808,-191.28519920000002
8,141,70500,-387.472574,-245.72703210000003
8,142,71000,241.697542,-237.22050330000002
8,143,71500,-534.126719,-237.22050330000002
8,144,72000,-493.79808,-247.85305390000002
8,145,72500,-494.350537,-258.54085019999997
8,146,73000,-534.126719,-327.4949038
8,147,73500,-494.350537,-413.18332339999995
8,148,74000,19.257532,-366.5418709
8,149,74500,-495.823321,-366.6891493
8,150,75000,241.874507,-293.12189060000003
8,151,75500,156.924169,-238.6822163
8,152,76000,-495.823321,-312.4343026
8,153,76500,-494.350537,-308.45668440000003
8,154,77000,-447.156993,-303.79257570000004
8,155,77500,240.228834,-230.3346386
8,156,78000,-495.823321,-226.50429880000002
8,157,78500,-493.79808,-226.44905310000004
8,158,79000,-534.126719,-281.7874782
8,159,79500,-534.126719,-285.61781800000006
8,160,80000,160.284509,-293.7768178
8,161,80500,-447.156993,-354.184934
8,162,81000,-494.350537,-354.0376556
8,163,81500,19.200999,-302.682502
8,164,82000,159.801338,-241.98666889999998
8,165,82500,20.013067,-264.0082456
8,166,83000,878.931204,-126.53279310000002
8,167,83500,-387.472574,-115.90024250000003
8,168,84000,158.376374,-46.64993320000003
8,169,84500,-387.472574,-31.98451870000003
8,170,85000,-387.472574,-86.76022700000003
8,171,85500,254.775311,-16.56699660000003
8,172,86000,-495.823321,-16.714275000000036
8,173,86500,-493.79808,-68.01418290000004
8,174,87000,-495.823321,-133.57664880000004
8,175,87500,-495.823321,-185.16028760000003
8,176,88000,19.263822,-271.12702580000007
8,177,88500,-495.823321,-281.9621005
8,178,89000,-534.126719,-351.21240980000005
8,179,89500,-534.126719,-365.87782430000004
8,180,90000,-49.753442,-332.1059111
8,181,90500,-447.156993,-402.2991415
8,182,91000,-447.156993,-397.4325087
8,183,91500,-3.67416,-348.4201167
8,184,92000,-493.79808,-348.21759260000005
8,185,92500,-387.472574,-337.3825179
8,186,93000,-493.79808,-388.6887081
8,187,93500,-447.156993,-383.8220753
8,188,94000,-495.823321,-379.99173550000006
8,189,94500,242.477245,-302.33133910000004
8,190,95000,153.904975,-281.9654974
8,191,95500,-534.126719,-290.66247000000004
8,192,96000,146.585198,-231.2882509
8,193,96500,-4.43751,-231.3645859
8,194,97000,-495.823321,-231.56711
8,195,97500,-447.156993,-237.53555190000003
8,196,98000,252.738515,-162.88189240000003
8,197,98500,-534.126719,-171.578865
8,198,99000,-447.156993,-166.71223220000002
8,199,99500,-495.823321,-240.5422888
8,200,100000,-493.79808,-305.3125943
9,1,500,255.884111,255.884111
9,2,1000,156.614332,206.24922149999998
9,3,1500,159.455469,190.65130399999998
9,4,2000,256.087398,207.0103275
9,5,2500,257.506788,217.1096196
9,6,3000,878.899754,327.40797533333335
9,7,3500,877.262808,405.9586657142857
9,8,4000,162.057714,375.47104674999997
9,9,4500,873.108792,430.7641295555556
9,10,5000,871.041747,474.7918913
9,11,5500,167.415522,465.94503239999995
9,12,6000,165.298659,466.8134650999999
9,13,6500,162.493938,467.117312
9,14,7000,162.200834,457.7286556
9,15,7500,869.320154,518.9099921999999
9,16,8000,161.236891,447.1437059
9,17,8500,263.515206,385.7689457
9,18,9000,263.938136,395.9569879
9,19,9500,158.480534,324.4941621
9,20,10000,258.224704,263.2124578
9,21,10500,869.557911,333.4266967
9,22,11000,258.602102,342.757041
9,23,11500,159.660619,342.4737091
9,24,12000,261.673965,352.4210222
9,25,12500,870.26107,352.5151138
9,26,13000,261.952012,362.5866259
9,27,13500,261.649719,362.4000772
9,28,14000,157.925051,351.7987687
9,29,14500,257.49775,361.7004903
9,30,15000,150.187992,350.8968191
9,31,15500,256.662086,289.6072366
9,32,16000,158.803066,279.627333
9,33,16500,156.67158,279.3284291
9,34,17000,256.40438,278.8014706
9,35,17500,156.938751,207.4692387
9,36,18000,869.639169,268.2379544
9,37,18500,157.083411,257.7813236
9,38,19000,256.790255,267.66784399999995
9,39,19500,869.595899,328.87765890000003
9,40,20000,868.261648,400.6850245
9,41,20500,148.201598,389.8389757
9,42,21000,255.528448,399.5115139
9,43,21500,255.872319,409.43158780000005
9,44,22000,147.399795,398.53112930000003
9,45,22500,142.616455,397.09889970000006
9,46,23000,146.088824,324.7438652
9,47,23500,260.608367,335.0963608
9,48,24000,156.865721,325.1039074
9,49,24500,257.908578,263.9351753
9,50,25000,148.593335,191.968344
9,51,25500,147.870018,191.935186
9,52,26000,-495.823321,116.80000909999998
9,53,26500,-447.156993,46.497077899999994
9,54,27000,155.727951,47.32989349999999
9,55,27500,864.863412,119.55458920000001
9,56,28000,408.624778,145.8081846
9,57,28500,-495.823321,70.16501579999999
9,58,29000,259.184269,80.39687059999999
9,59,29500,253.915809,79.9975937
9,60,30000,145.324741,79.6707343
9,61,30500,22.475324,67.13126489999999
9,62,31000,-493.79808,67.333789
9,63,31500,173.680994,129.4175877
9,64,32000,-494.350537,64.40973890000001
9,65,32500,-495.823321,-71.6589344
9,66,33000,-11.134094,-113.63482160000001
9,67,33500,-447.156993,-108.7681888
9,68,34000,824.300307,-52.256585000000015
9,69,34500,254.275781,-52.22058780000002
9,70,35000,-387.472574,-105.5003193
9,71,35500,171.905819,-90.5572698
9,72,36000,-494.350537,-90.6125155
9,73,36500,256.215877,-82.3590272
9,74,37000,256.590462,-7.264927300000011
9,75,37500,-534.126719,-11.095267100000006
9,76,38000,393.00935,29.319077299999993
9,77,38500,-447.156993,29.319077299999986
9,78,39000,797.40196,26.629242599999987
9,79,39500,-494.350537,-48.23338920000001
9,80,40000,245.960609,15.109929099999992
9,81,40500,256.765771,23.595924299999986
9,82,41000,-494.350537,23.595924299999986
9,83,41500,-447.156993,-46.74136270000001
9,84,42000,-387.472574,-111.1476663
9,85,42500,-447.156993,-102.45069370000002
9,86,43000,-387.472574,-180.49888610000002
9,87,43500,-387.472574,-174.5304442
9,88,44000,390.59998,-215.21064220000002
9,89,44500,138.839257,-151.8916628
9,90,45000,863.755798,-90.11214390000002
9,91,45500,-387.472574,-154.53597840000003
9,92,46000,-534.126719,-158.51359660000003
9,93,46500,396.645416,-74.13335570000001
9,94,47000,-494.350537,-84.82115200000001
9,95,47500,-534.126719,-93.51812460000001
9,96,48000,-534.126719,-108.1835391
9,97,48500,-534.126719,-122.8489536
9,98,49000,254.386032,-136.4703484
9,99,49500,172.083053,-133.14596880000002
9,100,50000,-73.221166,-226.84366520000003
9,101,50500,-10.60504,-189.15691180000002
9,102,51000,-387.472574,-174.49149730000002
9,103,51500,146.367604,-199.5192785
9,104,52000,-447.156993,-194.79992410000006
9,105,52500,398.870514,-101.50020080000004
9,106,53000,398.170221,-8.270506800000032
9,107,53500,396.566108,84.79877589999997
9,108,54000,-493.79808,9.980364699999962
9,109,54500,389.008648,31.67292419999996
9,110,55000,167.898889,55.78492969999995
9,111,55500,-495.823321,7.263101599999959
9,112,56000,378.370848,83.84744379999997
9,113,56500,162.027846,85.41346799999997
9,114,57000,-494.350537,80.69411359999997
9,115,57500,-387.472574,2.0598047999999665
9,116,58000,-534.126719,-91.16988920000003
9,117,58500,-534.126719,-184.23917190000003
9,118,59000,-387.472574,-173.60662130000003
9,119,59500,-387.472574,-251.2547435
9,120,60000,360.344495,-232.01018290000002
9,121,60500,157.700359,-166.65781490000003
9,122,61000,-52.471414,-209.74204110000005
9,123,61500,-493.79808,-275.32463370000005
9,124,62000,-387.472574,-264.63683740000005
9,125,62500,142.208535,-211.6687265
9,126,63000,-447.156993,-202.9717539
9,127,63500,-22.130005,-151.77208250000004
9,128,64000,-493.79808,-162.40463310000004
9,129,64500,-494.350537,-173.09242940000004
9,130,65000,-447.156993,-253.84257820000002
9,131,65500,-493.79808,-318.99242210000006
9,132,66000,-387.472574,-352.49253810000005
9,133,66500,-72.340934,-310.3468235
9,134,67000,-493.79808,-320.9793741
9,135,67500,-447.156993,-379.91592690000004
9,136,68000,-447.156993,-379.91592690000004
9,137,68500,161.318975,-361.5710289
9,138,69000,-534.126719,-365.60389280000004
9,139,69500,-493.79808,-365.54864710000004
9,140,70000,-387.472574,-359.5802052
9,141,70500,-493.79808,-359.5802052
9,142,71000,363.247257,-284.50822210000007
9,143,71500,-534.126719,-330.6868006
9,144,72000,-387.472574,-320.05425
9,145,72500,-493.79808,-324.71835870000007
9,146,73000,181.44869,-261.85779040000006
9,147,73500,-70.590484,-285.04873630000003
9,148,74000,-387.472574,-270.3833218000001
9,149,74500,-75.291117,-228.53262550000005
9,150,75000,-534.126719,-243.19804000000005
9,151,75500,-447.156993,-238.53393130000003
9,152,76000,-387.472574,-313.6059144
9,153,76500,-493.79808,-309.5730505
9,154,77000,-387.472574,-309.5730505
9,155,77500,-534.126719,-313.6059144
9,156,78000,-494.350537,-381.1858371
9,157,78500,-493.79808,-423.50659670000005
9,158,79000,182.232568,-366.5360825
9,159,79500,-387.472574,-397.75422820000006
9,160,80000,-495.823321,-393.92388840000007
9,161,80500,-387.472574,-387.95544650000005
9,162,81000,-447.156993,-393.9238884
9,163,81500,-23.431476,-346.88722800000005
9,164,82000,-494.350537,-357.57502430000005
9,165,82500,-494.350537,-353.59740610000006
9,166,83000,-494.350537,-353.59740610000006
9,167,83500,-387.472574,-342.96485550000006
9,168,84000,182.203759,-342.96773640000004
9,169,84500,-534.126719,-357.63315090000003
9,170,85000,136.519542,-294.3988646
9,171,85500,-23.417319,-257.99333910000007
9,172,86000,-447.156993,-257.99333910000007
9,173,86500,-81.154061,-263.7655976
9,174,87000,-447.156993,-259.04624320000005
9,175,87500,-387.472574,-248.35844690000005
9,176,88000,-534.126719,-252.33606510000004
9,177,88500,-387.472574,-252.33606510000004
9,178,89000,389.651837,-231.59125730000005
9,179,89500,-534.126719,-231.59125730000005
9,180,90000,-534.126719,-298.65588340000005
9,181,90500,-495.823321,-345.8964836
9,182,91000,-387.472574,-339.92804170000005
9,183,91500,-493.79808,-381.19244360000005
9,184,92000,-494.350537,-385.91179800000003
9,185,92500,-494.350537,-396.59959430000004
9,186,93000,-494.350537,-392.62197610000004
9,187,93500,-494.350537,-403.30977240000004
9,188,94000,-534.126719,-495.687628
9,189,94500,-493.79808,-491.6547641000001
9,190,95000,-495.823321,-487.8244243000001
9,191,95500,-447.156993,-482.9577915
9,192,96000,-494.350537,-493.64558780000004
9,193,96500,854.588775,-358.8069023
9,194,97000,244.950125,-284.87683610000005
9,195,97500,-494.350537,-284.87683610000005
9,196,98000,-387.472574,-274.18903980000005
9,197,98500,-534.126719,-278.16665800000004
9,198,99000,-447.156993,-269.4696854
9,199,99500,-447.156993,-264.8055767
9,200,100000,-447.156993,-259.9389439
