seed,condition,scenario,IAE,ISE,SSE,ControlEnergy,MeanAbsVoltage,MaxAbsVoltage,NearSaturationFraction,SaturationFraction,RiseTime,SettlingTime,Overshoot,dt
0,nominal,step_nominal,14.29663260355571,890.077761568707,8.150329403791673,126.7127978344771,14.473721838951338,24.0,0.2694610778443114,0.16766467065868262,0.22699999999998824,,8.150329403791673,0.0010000000000000002
0,nominal,step_load_disturbance,14.708680930989386,893.7030238691002,10.924936967364346,137.72312868760076,14.899932319641326,24.0,0.36327345309381237,0.2055888223552894,0.21099999999999,,11.872448873334648,0.0010000000000000002
0,nominal,ramp,6.788965374083192,151.4621070687839,32.38399235497049,123.1653393846,15.458447217941162,23.99892807006836,0.001996007984031936,0.001996007984031936,,,,0.0010000000000000002
0,nominal,sine,19.137420178526646,1364.1008850577869,16.786850698042457,150.02402927884853,16.22503237056742,23.88483238220215,0.2834331337325349,0.11776447105788423,,,,0.0010000000000000002
0,ra_plus_50,step_nominal,22.952067426541173,1506.350393039955,7.309197604805604,165.51406921330383,18.149354555130003,19.97911262512207,0.0,0.0,0.3689999999999702,,7.309197604805603,0.0010000000000000002
0,ra_plus_50,step_load_disturbance,22.446202491303822,1485.2446010325452,6.667921675634403,211.72667383223728,20.127094707965785,23.989742279052734,0.47904191616766467,0.4491017964071856,0.34399999999997294,,9.108774776458873,0.0010000000000000002
0,ra_plus_50,ramp,2.332959950655368,16.5475115430581,11.303063550893356,180.1818526324752,18.710684038162064,23.99892807006836,0.37524950099800397,0.001996007984031936,,,,0.0010000000000000002
0,ra_plus_50,sine,26.02442216089864,2169.380369667276,3.878204399538504,162.65651243058755,17.440568834304784,23.957477569580078,0.16167664670658682,0.12375249500998003,,,,0.0010000000000000002
0,j_plus_50,step_nominal,23.38775714149134,1497.7434976022146,0.6450482873719068,147.41060231484624,17.074553863525445,20.691518783569336,0.015968063872255488,0.0,0.402999999999967,0.4869999999999627,0.6450482873719068,0.0010000000000000002
0,j_plus_50,step_load_disturbance,22.176827952391566,1452.2720949753846,8.892624824062324,207.74310361341594,20.020509246826133,23.991920471191406,0.43912175648702595,0.3712574850299401,0.3449999999999734,,10.262465978237586,0.0010000000000000002
0,j_plus_50,ramp,1.4738457234989233,5.718323026657101,6.415690847478842,164.07548610617525,17.889954284667827,23.99892807006836,0.10379241516966067,0.001996007984031936,,,,0.0010000000000000002
0,j_plus_50,sine,24.89515986460719,2111.283365383209,0.18095005057732294,147.32296018453468,16.86843336486809,23.881027221679688,0.1317365269461078,0.027944111776447105,,,,0.0010000000000000002
0,friction,step_nominal,14.630191684494871,912.4292143847309,8.065306123696061,129.64169973849744,14.770274897575591,24.0,0.2714570858283433,0.16766467065868262,0.2319999999999876,,8.783635380053013,0.0010000000000000002
0,friction,step_load_disturbance,14.889263006496307,913.5464594099357,10.032615743983044,141.57404299669633,15.243718537330825,24.0,0.3772455089820359,0.21756487025948104,0.21499999999998948,,11.601210735540931,0.0010000000000000002
0,friction,ramp,6.343946361516646,135.7057926947941,30.98119076216254,127.56962507971605,15.740940362930177,23.99892807006836,0.001996007984031936,0.001996007984031936,,,,0.0010000000000000002
0,friction,sine,19.47576428359429,1400.4617709894708,16.107783668865082,146.8079934169921,16.032833051681617,23.898136138916016,0.2694610778443114,0.08982035928143713,,,,0.0010000000000000002
0,saturation,step_nominal,29.97088048240739,2056.027579933999,20.50246780183481,142.23771616520904,16.803756938934345,23.99996566772461,0.007984031936127744,0.005988023952095809,,,0.0,0.0010000000000000002
0,saturation,step_load_disturbance,31.094784680518586,2144.961167147465,27.539593979299696,166.77949722699236,18.13812693405149,23.99996566772461,0.1437125748502994,0.005988023952095809,,,0.0,0.0010000000000000002
0,saturation,ramp,5.040731179452827,62.89253756926622,18.391000245880804,158.42209726050584,17.64500706863392,23.99892807006836,0.001996007984031936,0.001996007984031936,,,,0.0010000000000000002
0,saturation,sine,31.35559425558877,2567.2284975277917,24.274826800129716,124.72424837884762,15.502214273452665,22.6391544342041,0.06387225548902195,0.0,,,,0.0010000000000000002
0,combined_stress,step_nominal,35.049345119884656,2622.0224844338445,36.90535929140522,141.0036114001603,16.3568136634826,19.672164916992188,0.0,0.0,,,0.0,0.0010000000000000002
0,combined_stress,step_load_disturbance,36.74126581833185,2805.235665497561,48.85207930316956,128.38072107634565,15.674511449813798,18.574939727783203,0.0,0.0,,,0.0,0.0010000000000000002
0,combined_stress,ramp,26.728936164407035,1902.6075631445142,90.85654293830547,116.53622098112933,13.998988620757997,23.999794006347656,0.14570858283433133,0.02594810379241517,,,,0.0010000000000000002
0,combined_stress,sine,36.35541453130599,3043.894029754747,43.34235087932817,106.55695567059826,14.054296331405629,20.56273651123047,0.015968063872255488,0.0,,,,0.0010000000000000002
1,nominal,step_nominal,14.552581395543664,862.1194281928199,24.374355884950447,146.48102957240883,15.13487725257894,23.38202476501465,0.469061876247505,0.1497005988023952,0.19899999999999163,,24.374355884950447,0.0010000000000000002
1,nominal,step_load_disturbance,16.39847577171045,919.0250982081461,32.26793518405924,160.18295697620334,17.161085054397724,23.38202476501465,0.3932135728542914,0.1157684630738523,0.20799999999999064,,32.26793518405924,0.0010000000000000002
1,nominal,ramp,12.612432519210092,364.79677101329344,45.40275367295472,176.9432660383725,17.531231637954843,24.0,0.5409181636726547,0.281437125748503,,,,0.0010000000000000002
1,nominal,sine,19.165880415474376,1249.7179945232663,24.8058829301213,148.67531053045283,15.386881402969612,23.61208724975586,0.4491017964071856,0.35129740518962077,,,,0.0010000000000000002
1,ra_plus_50,step_nominal,29.48885255304749,2035.7551040756014,13.016243505775705,110.14332256459554,14.610427724838193,19.988370895385742,0.0,0.0,,,0.0,0.0010000000000000002
1,ra_plus_50,step_load_disturbance,32.34742561720162,2255.3784649519243,39.11966809329931,73.6246798561953,12.048886370658897,19.33584213256836,0.0,0.0,,,0.0,0.0010000000000000002
1,ra_plus_50,ramp,3.444096657919361,26.139220307342683,7.687821372056462,187.20650360704644,18.266074615478658,24.0,0.5069860279441117,0.32934131736526945,,,,0.0010000000000000002
1,ra_plus_50,sine,26.039742099924556,2173.2454240816905,4.637673594901273,160.67993340733693,17.58046953392021,22.187971115112305,0.2954091816367265,0.0,,,,0.0010000000000000002
1,j_plus_50,step_nominal,24.899822415578917,1696.6014113034316,6.0408668315531315,162.13775087595872,17.828595098495388,21.831298828125,0.19161676646706588,0.0,0.37599999999996814,,6.0408668315531315,0.0010000000000000002
1,j_plus_50,step_load_disturbance,27.3752631478962,1800.5561159434576,17.27560186825839,117.0285230945708,15.161126277923573,19.33584213256836,0.0,0.0,,,0.0,0.0010000000000000002
1,j_plus_50,ramp,3.5265787297513502,27.214033143121647,10.057934513846917,197.47581544001295,19.15977578735365,24.0,0.5988023952095808,0.32335329341317365,,,,0.0010000000000000002
1,j_plus_50,sine,24.058374392052006,1862.132040267139,9.843552462264881,177.50191379378685,18.62072074317937,23.98196792602539,0.37524950099800397,0.029940119760479042,,,,0.0010000000000000002
1,friction,step_nominal,14.853351923877247,883.5035256602808,24.150031988307788,150.13576124333855,15.540425352096747,23.332202911376953,0.47305389221556887,0.1437125748502994,0.203999999999991,,24.150031988307788,0.0010000000000000002
1,friction,step_load_disturbance,16.962235962747794,950.8519333309838,32.268770765737656,163.3963468666018,17.573658167839174,23.332202911376953,0.3852295409181637,0.0998003992015968,0.21499999999998978,,32.268770765737656,0.0010000000000000002
1,friction,ramp,11.924382749154322,324.9070023501,42.622389150373166,178.71606433032292,17.665588811874517,24.0,0.5548902195608783,0.2894211576846307,,,,0.0010000000000000002
1,friction,sine,19.274728117645097,1271.2823377150378,23.625382358199715,150.86144447804395,15.665062086105587,23.582496643066406,0.4530938123752495,0.3333333333333333,,,,0.0010000000000000002
1,saturation,step_nominal,30.893870905121368,2170.3822606076715,21.28780856494933,140.1587362416783,16.531475049972418,20.40450668334961,0.001996007984031936,0.0,,,0.0,0.0010000000000000002
1,saturation,step_load_disturbance,32.73598324435207,2326.5453255689367,33.008060361041046,130.8533089067279,15.984247014999292,21.031328201293945,0.06387225548902195,0.0,,,0.0,0.0010000000000000002
1,saturation,ramp,3.313532328816791,32.73886179136002,14.76703875338697,208.47592282083303,20.00550053024301,23.996829986572266,0.5109780439121756,0.39520958083832336,,,,0.0010000000000000002
1,saturation,sine,30.44252142781265,2475.520762651279,20.89715979135501,144.84292315717715,16.780608690261797,23.483592987060547,0.09780439121756487,0.011976047904191617,,,,0.0010000000000000002
1,combined_stress,step_nominal,36.3171184276558,2788.7856763560185,42.489638602942286,109.5323134115116,14.287353672027413,22.823450088500977,0.05389221556886228,0.003992015968063872,,,0.0,0.0010000000000000002
1,combined_stress,step_load_disturbance,39.35684706417043,3163.1134101796747,61.89191613484544,74.80708405617798,11.470187910079872,22.823450088500977,0.05189620758483034,0.003992015968063872,,,0.0,0.0010000000000000002
1,combined_stress,ramp,7.2053004991344745,145.62756486687704,30.717990167347267,194.59839564576993,19.094420526504575,23.997716903686523,0.47105788423153694,0.45708582834331335,,,,0.0010000000000000002
1,combined_stress,sine,37.01881013501443,3131.842798053077,49.204865106641826,86.77589337224234,12.362465429305974,21.824787139892578,0.023952095808383235,0.0,,,,0.0010000000000000002
2,nominal,step_nominal,14.25573074821991,850.6455812155709,11.60155222461671,123.42369205992702,13.899394606590546,23.066265106201172,0.4031936127744511,0.10179640718562874,0.22399999999998887,,11.60155222461671,0.0010000000000000002
2,nominal,step_load_disturbance,15.399405122241411,868.278562399332,11.250699598020503,119.08808601564661,12.831316606521918,23.066265106201172,0.405189620758483,0.10179640718562874,0.26799999999998403,,0.0,0.0010000000000000002
2,nominal,ramp,6.836020812739093,128.05627754202777,7.161822025723453,136.76412019683232,15.135207562446684,22.9819278717041,0.2055888223552894,0.001996007984031936,,,,0.0010000000000000002
2,nominal,sine,19.96569082700055,1289.3702689953977,19.176675071669123,163.43392631521726,16.77813594055194,23.42493438720703,0.5149700598802395,0.24550898203592814,,,,0.0010000000000000002
2,ra_plus_50,step_nominal,24.043133349675333,1506.325080583446,11.806343427660892,125.20412373731276,15.120196887970117,21.883785247802734,0.08982035928143713,0.0,,,0.0,0.0010000000000000002
2,ra_plus_50,step_load_disturbance,27.867967838906452,1764.415422228933,15.164724669689448,153.7596857578414,16.579471745491126,23.999961853027344,0.2554890219560878,0.14770459081836326,,,0.0,0.0010000000000000002
2,ra_plus_50,ramp,3.711585543008275,42.369047991327875,3.4024077385428484,177.48761932339332,17.242880289077956,23.88739585876465,0.5668662674650699,0.3013972055888224,,,,0.0010000000000000002
2,ra_plus_50,sine,24.56143955731891,1996.6777384006116,0.010708356820927634,151.28244803764096,16.903413812637368,23.66289520263672,0.249500998003992,0.015968063872255488,,,,0.0010000000000000002
2,j_plus_50,step_nominal,21.73270545931171,1355.5339858423533,7.764989220025342,141.1946531536321,15.874979162216341,21.2666072845459,0.24750499001996007,0.0,0.40499999999996705,,0.0,0.0010000000000000002
2,j_plus_50,step_load_disturbance,23.859594989240918,1461.7820091170568,8.63832713763638,153.96970308947266,16.702310995102053,23.87438201904297,0.2994011976047904,0.03792415169660679,0.4519999999999619,,0.0,0.0010000000000000002
2,j_plus_50,ramp,4.013349229025342,38.67230708592636,10.044481078938531,176.87312340509635,18.699346809387205,22.9819278717041,0.2874251497005988,0.001996007984031936,,,,0.0010000000000000002
2,j_plus_50,sine,25.90520313259679,2057.254455135638,3.786233748789371,140.17401699345658,16.253989559173608,23.20682144165039,0.2375249500998004,0.007984031936127744,,,,0.0010000000000000002
2,friction,step_nominal,14.482063392446603,869.1889918953693,11.114805049424618,127.2810452577181,14.280797321319842,23.02730941772461,0.40718562874251496,0.07784431137724551,0.22999999999998813,,11.114805049424618,0.0010000000000000002
2,friction,step_load_disturbance,15.748939162259054,889.8149724714716,11.466950081143963,120.94713560582848,13.098485919952694,23.02730941772461,0.3992015968063872,0.07784431137724551,0.2889999999999816,,0.0,0.0010000000000000002
2,friction,ramp,6.662203433415332,121.33125614506717,9.155343737935056,140.16861054567664,15.38434779834756,22.9819278717041,0.20359281437125748,0.001996007984031936,,,,0.0010000000000000002
2,friction,sine,19.988381680946183,1307.7675920235906,17.962027643875317,160.95183305829838,16.59349276351947,23.351354598999023,0.4750499001996008,0.24151696606786427,,,,0.0010000000000000002
2,saturation,step_nominal,29.976720065759036,2062.3842435766855,21.04928412536887,142.88341290978536,16.73626202392577,20.824630737304688,0.0658682634730539,0.0,,,0.0,0.0010000000000000002
2,saturation,step_load_disturbance,32.39003949839305,2272.585591621269,31.47469278889882,164.29681994569543,17.37638293266293,23.999298095703125,0.3253493013972056,0.1656686626746507,,,0.0,0.0010000000000000002
2,saturation,ramp,2.0189930694371987,11.217151857362682,8.994775440135527,264.54923443896894,22.966446653366116,23.992137908935547,0.9720558882235529,0.7305389221556886,,,,0.0010000000000000002
2,saturation,sine,30.62106752448976,2483.617748374958,21.063750913350887,144.09048143916203,16.72091065025322,23.51436996459961,0.13972055888223553,0.015968063872255488,,,,0.0010000000000000002
2,combined_stress,step_nominal,34.63937362327239,2549.3572786928903,38.786366588842235,125.12872208451577,15.531720840454097,23.181821823120117,0.0658682634730539,0.015968063872255488,,,0.0,0.0010000000000000002
2,combined_stress,step_load_disturbance,36.869469868592006,2806.8632585585237,51.13923794123898,126.43259785099889,15.316648177146913,23.181821823120117,0.10578842315369262,0.015968063872255488,,,0.0,0.0010000000000000002
2,combined_stress,ramp,7.165170252134236,179.04329643526438,44.49142526066393,201.65485550081098,18.760838627815414,23.99729347229004,0.6107784431137725,0.47305389221556887,,,,0.0010000000000000002
2,combined_stress,sine,35.41896883787107,2931.0940278128214,42.01742382140406,112.86763444963296,14.528560888290368,23.86391258239746,0.06786427145708583,0.03792415169660679,,,,0.0010000000000000002
3,nominal,step_nominal,17.066564861495017,997.9036794799996,24.07652046670235,124.20835164326002,14.966706332206856,23.760173797607422,0.12574850299401197,0.023952095808383235,0.23699999999998705,,24.07652046670235,0.0010000000000000002
3,nominal,step_load_disturbance,15.75951967395157,963.5168599441354,8.150894575246426,126.28495299469196,14.351036304474027,23.896785736083984,0.1596806387225549,0.01996007984031936,0.23499999999998727,,8.953823971590353,0.0010000000000000002
3,nominal,ramp,10.396956852836741,252.4150970241641,20.267607160387968,124.672140614549,14.421392904281692,22.061920166015625,0.08582834331337326,0.0,,,,0.0010000000000000002
3,nominal,sine,19.50446904180057,1289.468699252737,19.573046801422123,127.82368637189634,14.549740557670802,22.592933654785156,0.2714570858283433,0.0,,,,0.0010000000000000002
3,ra_plus_50,step_nominal,20.437241502942932,1317.0403402556396,17.76367538993175,207.2168960294892,20.032107080459596,23.70857048034668,0.6027944111776448,0.3253493013972056,0.2979999999999787,,17.76367538993175,0.0010000000000000002
3,ra_plus_50,step_load_disturbance,20.398554120359364,1321.1752778326118,9.686761853828799,220.6472781781772,20.360988632202137,23.997650146484375,0.6786427145708582,0.4411177644710579,0.3129999999999771,,9.686761853828799,0.0010000000000000002
3,ra_plus_50,ramp,3.60366006627731,34.57206173803294,5.790939851442076,181.7504656433608,17.591751615524025,23.998397827148438,0.500998003992016,0.4251497005988024,,,,0.0010000000000000002
3,ra_plus_50,sine,23.703121341552798,1777.4581953981913,18.38188955907438,213.65487264346825,20.076377780914314,23.999935150146484,0.716566866267465,0.2714570858283433,,,,0.0010000000000000002
3,j_plus_50,step_nominal,22.76253815184207,1468.9895987870939,11.176889590134635,183.3876519650167,18.781970981597915,23.53494644165039,0.3772455089820359,0.07984031936127745,0.3669999999999711,,11.176889590134635,0.0010000000000000002
3,j_plus_50,step_load_disturbance,22.052511663209238,1430.9807946693395,10.323914257705113,198.160170873396,19.780118706703167,23.546510696411133,0.3992015968063872,0.03992015968063872,0.35499999999997245,,10.323914257705113,0.0010000000000000002
3,j_plus_50,ramp,2.778911969064478,22.297886688506544,3.7980605177260287,159.39938007650287,17.630359092712386,21.421321868896484,0.2055888223552894,0.0,,,,0.0010000000000000002
3,j_plus_50,sine,23.2954281255548,1817.5949324457586,7.6920705808783225,170.94901218688582,18.29331791877753,22.57730484008789,0.23552894211576847,0.0,,,,0.0010000000000000002
3,friction,step_nominal,17.259480826506042,1018.4174722175292,23.39772654591546,128.00739860943088,15.314451254844784,23.797325134277344,0.1317365269461078,0.017964071856287425,0.24399999999998617,,23.39772654591546,0.0010000000000000002
3,friction,step_load_disturbance,16.054296706605708,987.1812400962966,8.846382210639916,131.36061382076673,14.849873415947094,23.850292205810547,0.16766467065868262,0.01996007984031936,0.2409999999999865,,9.336871354931318,0.0010000000000000002
3,friction,ramp,9.621554642510727,218.70803495915888,18.47647181494959,125.45058368275986,14.644508374214235,21.877321243286133,0.09580838323353294,0.0,,,,0.0010000000000000002
3,friction,sine,19.623208309026793,1311.9704679264655,18.963720685747433,132.01886973575537,14.884143249511915,21.99407958984375,0.27944111776447106,0.0,,,,0.0010000000000000002
3,saturation,step_nominal,30.66246153768736,2109.658037232685,24.18387363413804,127.9341857089405,15.659422481536913,19.73316192626953,0.0,0.0,,,0.0,0.0010000000000000002
3,saturation,step_load_disturbance,30.774399350199232,2121.672632290613,24.77662172912774,202.24998729328496,19.796960615157992,23.999977111816406,0.4630738522954092,0.3393213572854291,,,0.0,0.0010000000000000002
3,saturation,ramp,3.7730129944784028,36.223376730797476,14.431086396908398,187.4288045155692,19.2860174236297,21.098230361938477,0.19760479041916168,0.0,,,,0.0010000000000000002
3,saturation,sine,31.14896704873067,2536.9330604067304,22.513812932599336,133.68677125348498,16.11681156539906,21.298988342285156,0.015968063872255488,0.0,,,,0.0010000000000000002
3,combined_stress,step_nominal,33.26459857871666,2398.399955496544,32.88364369563217,157.51675186990946,17.69805201911925,20.087337493896484,0.0,0.0,,,0.0,0.0010000000000000002
3,combined_stress,step_load_disturbance,33.672751401734835,2436.8485521538096,36.006856432114745,229.91503166865135,21.15086919784533,24.0,0.5968063872255489,0.5968063872255489,,,0.0,0.0010000000000000002
3,combined_stress,ramp,11.188183300516835,308.6478205253455,37.03488406180724,165.2327191335619,16.877166379928383,23.99688720703125,0.4031936127744511,0.35728542914171657,,,,0.0010000000000000002
3,combined_stress,sine,35.63023824417121,3007.0465198995025,37.790852439771,139.11639601852727,16.069035961150934,23.999099731445312,0.21756487025948104,0.06387225548902195,,,,0.0010000000000000002
4,nominal,step_nominal,16.978073539624322,1005.0820027541712,7.5497520469258745,97.03010730461547,13.062941617965883,23.999982833862305,0.10179640718562874,0.029940119760479042,0.3379999999999762,,7.5497520469258745,0.0010000000000000002
4,nominal,step_load_disturbance,16.118101114567416,981.5539382531916,0.2233061138165482,127.48554330651999,13.691475683212444,23.999982833862305,0.2315369261477046,0.029940119760479042,0.25299999999998557,0.47099999999996445,11.802961824353929,0.0010000000000000002
4,nominal,ramp,1.7434353898966037,8.228932216004441,6.820305151426908,83.3251038040604,12.53279696655274,19.375980377197266,0.0,0.0,,,,0.0010000000000000002
4,nominal,sine,18.584020766764773,1256.7084863712646,11.209256770254683,123.89244090173767,13.661390283584858,23.757041931152344,0.3253493013972056,0.11177644710578842,,,,0.0010000000000000002
4,ra_plus_50,step_nominal,23.811834835902808,1602.6151270949917,0.33248661720938344,150.580812362561,17.005454804420435,23.419910430908203,0.25349301397205587,0.003992015968063872,0.3759999999999687,0.48199999999996324,0.33248661720938344,0.0010000000000000002
4,ra_plus_50,step_load_disturbance,25.245654404770015,1673.2634218819617,2.8308454845815447,167.897317679949,18.05973192787163,23.419910430908203,0.25948103792415167,0.003992015968063872,0.4069999999999653,,0.0,0.0010000000000000002
4,ra_plus_50,ramp,2.1599157132217153,14.030941428986177,6.25957579744356,129.1821102445076,15.817485225677515,21.9443359375,0.0499001996007984,0.0,,,,0.0010000000000000002
4,ra_plus_50,sine,23.277182718922013,1830.8873279878637,0.8378808580252723,157.36243691726042,17.12266709136971,23.16537094116211,0.16367265469061876,0.001996007984031936,,,,0.0010000000000000002
4,j_plus_50,step_nominal,25.75296757823598,1760.7276346892218,1.3906171364408664,142.0579711659443,16.625120477676322,21.85498809814453,0.1277445109780439,0.0,0.3929999999999659,0.4969999999999616,0.0,0.0010000000000000002
4,j_plus_50,step_load_disturbance,25.70814980672623,1766.9045182461803,1.8565524109676943,172.29469478666425,18.21396745300281,22.62282371520996,0.37924151696606784,0.0,0.38699999999996654,0.4829999999999631,1.8565524109676945,0.0010000000000000002
4,j_plus_50,ramp,2.63797899474832,22.933628729078393,9.232970891228064,121.2828419105178,15.301719261169431,20.832847595214844,0.041916167664670656,0.0,,,,0.0010000000000000002
4,j_plus_50,sine,25.661955643504253,2150.5377202063046,2.418615544902792,153.30613623740902,17.241219190597413,22.15777015686035,0.0998003992015968,0.0,,,,0.0010000000000000002
4,friction,step_nominal,17.128724036592352,1024.0205045521725,7.580233240513536,105.80887824478961,13.501864998817602,23.999914169311523,0.08183632734530938,0.02594810379241517,0.3519999999999745,,7.580233240513536,0.0010000000000000002
4,friction,step_load_disturbance,16.042944246186423,1000.4219321463246,1.8617440575555833,129.88882838819814,13.875729458809046,23.999914169311523,0.2055888223552894,0.02594810379241517,0.2499999999999857,0.45199999999996654,10.286818351254226,0.0010000000000000002
4,friction,ramp,1.3740817236647165,5.829870584064343,5.417566864052802,86.40435046567633,12.815913921356207,18.610776901245117,0.0,0.0,,,,0.0010000000000000002
4,friction,sine,18.583379622624584,1282.8326868593306,9.528238801525177,125.68294714709774,13.832712480545291,23.8007755279541,0.31137724550898205,0.08383233532934131,,,,0.0010000000000000002
4,saturation,step_nominal,32.21733429154544,2285.286989710883,28.296203378919728,101.98358969703612,14.071773289680491,23.973411560058594,0.021956087824351298,0.001996007984031936,,,0.0,0.0010000000000000002
4,saturation,step_load_disturbance,32.43490440939394,2303.0685941555594,30.298754195069392,155.03382499560553,17.207590833663847,22.093612670898438,0.21157684630738524,0.0,,,0.0,0.0010000000000000002
4,saturation,ramp,5.889226988564176,93.72974510314855,22.69204790353929,137.303263449884,16.20320940399169,21.422035217285156,0.05588822355289421,0.0,,,,0.0010000000000000002
4,saturation,sine,30.960531544745578,2548.4984571559953,20.096560933100363,156.2792670189378,17.22811334800703,23.770294189453125,0.1497005988023952,0.10379241516966067,,,,0.0010000000000000002
4,combined_stress,step_nominal,35.398428324648755,2667.6179876505166,36.07248020280106,160.6776251061054,16.990935096740635,23.999866485595703,0.37924151696606784,0.3473053892215569,,,0.0,0.0010000000000000002
4,combined_stress,step_load_disturbance,36.30441778739836,2756.4069720677626,45.451680554970295,154.87828267621958,17.09308631896964,23.2076416015625,0.18163672654690619,0.03592814371257485,,,0.0,0.0010000000000000002
4,combined_stress,ramp,8.641477315103401,207.799978513007,34.84376853820278,153.7804956810701,17.188329120636045,21.191265106201172,0.2634730538922156,0.0,,,,0.0010000000000000002
4,combined_stress,sine,34.728931354724025,2911.845197633924,33.59070597397114,170.46966826452217,17.80281305503826,23.99992561340332,0.2435129740518962,0.23952095808383234,,,,0.0010000000000000002
5,nominal,step_nominal,16.5560825763094,940.4652608452362,25.34116646849894,155.8659005681184,16.907560369491687,23.14961814880371,0.31736526946107785,0.00998003992015968,0.23499999999998758,,25.69019559599174,0.0010000000000000002
5,nominal,step_load_disturbance,14.5849710005781,890.8236340241058,10.38618511857841,141.68598097171036,15.893529905319356,21.04200553894043,0.24550898203592814,0.0,0.22599999999998857,,10.38618511857841,0.0010000000000000002
5,nominal,ramp,6.310762553598918,91.40600163697542,14.622260856452314,120.16091656016053,14.907903885841327,23.7421875,0.07584830339321358,0.03792415169660679,,,,0.0010000000000000002
5,nominal,sine,23.746242702604217,1518.0703612388163,32.81827062566542,160.3075963210405,16.96707147693644,23.471500396728516,0.34930139720558884,0.03792415169660679,,,,0.0010000000000000002
5,ra_plus_50,step_nominal,21.24449441853868,1348.1023166049063,12.992776078613645,184.89881232364863,19.15198756408696,21.934741973876953,0.2654690618762475,0.0,0.35299999999997306,,12.992776078613645,0.0010000000000000002
5,ra_plus_50,step_load_disturbance,21.295041295387907,1356.42513943815,9.253828153942962,205.98372415975786,20.180839799880992,23.67023277282715,0.4291417165668663,0.14770459081836326,0.3569999999999726,,9.253828153942962,0.0010000000000000002
5,ra_plus_50,ramp,5.142988360813382,62.63807599305869,6.452883913658425,134.32270383083107,15.586802740096832,22.39175033569336,0.3073852295409182,0.0,,,,0.0010000000000000002
5,ra_plus_50,sine,27.956181282379124,2422.7696981661766,4.478149792994898,147.01532019467194,16.018619844436383,23.954607009887695,0.249500998003992,0.1317365269461078,,,,0.0010000000000000002
5,j_plus_50,step_nominal,21.11232273096942,1357.7191675667027,12.609109737166278,184.0366845803131,19.094476221084612,23.311643600463867,0.31736526946107785,0.005988023952095809,0.34499999999997366,,12.60910973716628,0.0010000000000000002
5,j_plus_50,step_load_disturbance,21.02450767858801,1362.0307928220163,9.741873657812363,201.13908165348528,19.74746744060516,23.48763656616211,0.4750499001996008,0.17764471057884232,0.3389999999999743,,9.741873657812363,0.0010000000000000002
5,j_plus_50,ramp,1.8345925514542445,9.609103294384997,1.0386285626004366,152.7737007609687,16.94141934013352,22.55345916748047,0.35728542914171657,0.0,,,,0.0010000000000000002
5,j_plus_50,sine,23.37054101735771,1827.7765041686807,10.643335839772433,182.62383961085334,18.81666515159608,23.671674728393555,0.42714570858283435,0.033932135728542916,,,,0.0010000000000000002
5,friction,step_nominal,16.453826774739557,945.6527767800793,19.992660852894545,151.31903253034375,16.482416760444764,22.82841682434082,0.2934131736526946,0.007984031936127744,0.2429999999999866,,19.992660852894545,0.0010000000000000002
5,friction,step_load_disturbance,14.840459020487472,912.4987686887077,9.46648383720563,143.72928892051755,16.02586753177657,21.102245330810547,0.2215568862275449,0.0,0.2309999999999879,,9.46648383720563,0.0010000000000000002
5,friction,ramp,5.499572009734412,71.00193341565902,14.679311216550786,123.49645673551566,15.118261255264215,23.79422378540039,0.07584830339321358,0.033932135728542916,,,,0.0010000000000000002
5,friction,sine,23.507352961497997,1514.8094474648783,30.985998776817624,159.9453183653984,16.94014557552348,23.479053497314453,0.3473053892215569,0.03792415169660679,,,,0.0010000000000000002
5,saturation,step_nominal,28.3285425374754,1925.343628161846,12.213373383851035,211.6318342888967,20.445088777542026,23.931446075439453,0.5229540918163673,0.2315369261477046,,,0.0,0.0010000000000000002
5,saturation,step_load_disturbance,30.224208248955787,2057.3124380880486,24.66956540252569,189.80650056884966,19.385950891494698,23.98479652404785,0.2754491017964072,0.05788423153692615,,,0.0,0.0010000000000000002
5,saturation,ramp,5.792154354235235,84.39688484097066,18.95941937317859,166.89309836680548,17.764068363189562,23.729736328125,0.3532934131736527,0.16367265469061876,,,,0.0010000000000000002
5,saturation,sine,28.92300796008126,2339.860424503958,15.255970861996616,186.58467498502873,19.1264490451812,23.943565368652344,0.34530938123752497,0.07584830339321358,,,,0.0010000000000000002
5,combined_stress,step_nominal,36.77221689382374,2842.6935537537297,40.253542037622296,163.51938740360663,16.63527076721176,23.998437881469727,0.3972055888223553,0.35129740518962077,,,0.0,0.0010000000000000002
5,combined_stress,step_load_disturbance,38.71140873524534,3069.300004620468,56.58789908985643,92.0362612516484,13.108006513595544,20.620725631713867,0.001996007984031936,0.0,,,0.0,0.0010000000000000002
5,combined_stress,ramp,12.600828217954826,424.82488784875375,46.49884243625016,100.75821033899902,13.170383497238097,23.99967384338379,0.1656686626746507,0.1656686626746507,,,,0.0010000000000000002
5,combined_stress,sine,35.5041591635456,3064.7957901055224,33.36494124481004,202.2464063493187,18.777451238631816,23.994924545288086,0.6706586826347305,0.5828343313373253,,,,0.0010000000000000002
6,nominal,step_nominal,21.00909745306636,1211.4248441151308,50.0,178.00714057395868,18.789317634582517,23.750741958618164,0.17165668662674652,0.001996007984031936,0.2319999999999878,,50.0,0.0010000000000000002
6,nominal,step_load_disturbance,18.21073214297533,1040.305073246956,12.503045629472041,129.58932419543697,15.431688265800585,23.750741958618164,0.029940119760479042,0.001996007984031936,0.3689999999999727,,12.50304562947204,0.0010000000000000002
6,nominal,ramp,18.127742647055506,787.3714788784339,50.000000000007745,171.0854638553678,18.356897075653155,21.251380920410156,0.22954091816367264,0.0,,,,0.0010000000000000002
6,nominal,sine,21.22411445111282,1376.9274607420105,25.45707679323897,133.8604115793414,15.022959705352998,23.750741958618164,0.29740518962075846,0.001996007984031936,,,,0.0010000000000000002
6,ra_plus_50,step_nominal,26.478052768131946,1763.5093712503322,3.019288938862033,136.82077294451477,16.33084360504148,23.750741958618164,0.1377245508982036,0.001996007984031936,0.4239999999999644,,0.0,0.0010000000000000002
6,ra_plus_50,step_load_disturbance,27.28443098337346,1810.1696099458175,7.835922963009068,151.85772567417672,17.167011903762763,23.750741958618164,0.32934131736526945,0.001996007984031936,0.4449999999999621,,0.0,0.0010000000000000002
6,ra_plus_50,ramp,4.189285726891656,41.34778397920218,13.3974988592541,185.39893526570134,19.193793828964257,21.989009857177734,0.14570858283433133,0.0,,,,0.0010000000000000002
6,ra_plus_50,sine,25.88499447689436,1991.9953455710402,11.508188223559998,122.39599229246194,15.050989572525141,23.750741958618164,0.043912175648702596,0.001996007984031936,,,,0.0010000000000000002
6,j_plus_50,step_nominal,24.23370055489513,1583.2495968616597,3.720039841599146,155.0841933485997,17.505496742248535,23.750741958618164,0.12974051896207583,0.001996007984031936,0.39799999999996755,,3.720039841599146,0.0010000000000000002
6,j_plus_50,step_load_disturbance,24.508102124533607,1602.8231893810478,1.321494610502171,168.2534969027576,18.202459266662576,23.750741958618164,0.22355289421157684,0.001996007984031936,0.402999999999967,0.483999999999963,1.321494610502171,0.0010000000000000002
6,j_plus_50,ramp,5.1679703862766395,64.12436593556406,16.16760105977245,194.23928204441708,19.67531826591494,21.790781021118164,0.2435129740518962,0.0,,,,0.0010000000000000002
6,j_plus_50,sine,25.03672858998755,1955.0833663379979,9.667425601152402,126.58326473306649,15.388812543869118,23.750741958618164,0.031936127744510975,0.001996007984031936,,,,0.0010000000000000002
6,friction,step_nominal,20.896516322403844,1210.2145092585192,50.0,178.67825262973804,18.83355607032775,23.750741958618164,0.17165668662674652,0.001996007984031936,0.2399999999999868,,50.0,0.0010000000000000002
6,friction,step_load_disturbance,18.46029349995206,1066.5323198695478,13.517465664563389,129.5524734495238,15.385238405227765,23.750741958618164,0.001996007984031936,0.001996007984031936,0.3619999999999734,,13.517465664563389,0.0010000000000000002
6,friction,ramp,17.374899472740218,724.8362714611699,50.000000000007745,174.77327262855536,18.579550018310616,21.231399536132812,0.24151696606786427,0.0,,,,0.0010000000000000002
6,friction,sine,21.135137389103765,1397.0370594870997,21.16081547478167,132.95576161227558,14.917340696335058,23.750741958618164,0.28542914171656686,0.001996007984031936,,,,0.0010000000000000002
6,saturation,step_nominal,29.799738288604708,2024.04277232339,21.276866219481278,144.7576824199121,16.73237038421635,23.750741958618164,0.1656686626746507,0.001996007984031936,,,0.0,0.0010000000000000002
6,saturation,step_load_disturbance,30.30019766424902,2061.4643616277012,25.081662665641645,185.12442206350312,19.16532296562191,23.750741958618164,0.3153692614770459,0.00998003992015968,,,0.0,0.0010000000000000002
6,saturation,ramp,3.1840608292602903,28.020227111827705,14.146221697916744,189.7283230370047,19.451282508850092,20.760421752929688,0.23952095808383234,0.0,,,,0.0010000000000000002
6,saturation,sine,31.157396773462736,2461.2518186494995,30.162250149709834,110.79625188945991,14.387654951095682,24.0,0.04590818363273453,0.027944111776447105,,,,0.0010000000000000002
6,combined_stress,step_nominal,35.36941278547741,2639.3806240336794,40.027485534965194,129.58323020668445,15.369313945770285,24.0,0.18762475049900199,0.06786427145708583,,,0.0,0.0010000000000000002
6,combined_stress,step_load_disturbance,36.52316674144625,2762.597723330903,51.98329871827522,120.09845122911436,14.843859071731607,23.750741958618164,0.07584830339321358,0.001996007984031936,,,0.0,0.0010000000000000002
6,combined_stress,ramp,7.047220338556323,131.90157033025645,29.24332536857976,188.30142307742733,19.348057235717746,20.917816162109375,0.3413173652694611,0.0,,,,0.0010000000000000002
6,combined_stress,sine,33.74386297671666,2754.2347257168617,36.17106958146127,141.7693046389067,16.57314253139498,23.750741958618164,0.12375249500998003,0.031936127744510975,,,,0.0010000000000000002
7,nominal,step_nominal,14.239048939022403,849.7726956430209,17.93592382460872,135.73739029025435,14.761891025543484,23.69622039794922,0.37924151696606784,0.3193612774451098,0.21599999999998976,,17.93592382460872,0.0010000000000000002
7,nominal,step_load_disturbance,13.177142332987268,835.573809886361,0.842594900856227,140.2151234151528,14.162152227402025,23.69622039794922,0.4530938123752495,0.34530938123752497,0.20699999999999075,0.37999999999997447,6.4139334228124625,0.0010000000000000002
7,nominal,ramp,5.991337280806517,145.46782844407608,43.55990730689497,158.52757765171657,16.633068386077877,23.962921142578125,0.3912175648702595,0.20359281437125748,,,,0.0010000000000000002
7,nominal,sine,20.903835748041843,1358.4980842151072,2.0757313205319576,151.97339963623878,16.06636487388632,23.74870491027832,0.34530938123752497,0.24151696606786427,,,,0.0010000000000000002
7,ra_plus_50,step_nominal,23.64533768562328,1582.2709799371723,3.331226973065256,154.6139208944615,17.475754627227733,20.441539764404297,0.001996007984031936,0.0,0.3789999999999689,,3.331226973065256,0.0010000000000000002
7,ra_plus_50,step_load_disturbance,28.09184078978995,1823.2390766279623,21.135871252986746,115.82941246316867,15.068805829048188,18.777671813964844,0.0,0.0,,,0.0,0.0010000000000000002
7,ra_plus_50,ramp,1.567097945503714,7.288560030588413,7.576459410349727,135.30971311809762,15.73407772254943,21.85000228881836,0.09580838323353294,0.0,,,,0.0010000000000000002
7,ra_plus_50,sine,29.383775805177795,2300.817629783873,16.00136755901056,114.39450874375598,14.359169204711904,20.350799560546875,0.0,0.0,,,,0.0010000000000000002
7,j_plus_50,step_nominal,23.739961100210557,1595.5822002371342,11.259412305838111,179.55205491761046,18.739334955215373,23.71149444580078,0.29740518962075846,0.0499001996007984,0.3599999999999712,,11.259412305838111,0.0010000000000000002
7,j_plus_50,step_load_disturbance,23.58848687783999,1582.9852881095553,7.324022264530058,193.81476039301427,19.39161692142476,23.975893020629883,0.41916167664670656,0.24151696606786427,0.3699999999999701,,7.324022264530057,0.0010000000000000002
7,j_plus_50,ramp,4.785915287526719,122.971766062077,42.47743920439711,177.0212079945575,18.14751782798759,23.614316940307617,0.43313373253493015,0.08582834331337326,,,,0.0010000000000000002
7,j_plus_50,sine,24.339115694709538,1941.333185357905,2.188163125698381,162.25998306495867,17.38675309944154,22.661596298217773,0.20359281437125748,0.0,,,,0.0010000000000000002
7,friction,step_nominal,20.216505144613524,1191.4467150391133,50.0,166.8022529224513,18.068218585967983,22.64468765258789,0.17365269461077845,0.0,0.27599999999998276,,50.0,0.0010000000000000002
7,friction,step_load_disturbance,19.338291720683948,1138.2601378794523,8.397043006073261,112.62185574412013,14.47039635467538,20.68180274963379,0.043912175648702596,0.0,0.3889999999999703,,8.397043006073261,0.0010000000000000002
7,friction,ramp,5.638624515901441,121.92756908045628,47.15833561457103,159.9063914791089,16.80175244283674,23.60603141784668,0.3932135728542914,0.20159680638722555,,,,0.0010000000000000002
7,friction,sine,20.84954450869479,1371.9453604144753,2.3966432353358442,149.3638368689501,15.891908586502288,23.762096405029297,0.3393213572854291,0.22954091816367264,,,,0.0010000000000000002
7,saturation,step_nominal,30.556773496993216,2126.1874312163827,20.728557372932627,143.09206464441328,16.73097451019282,19.67819595336914,0.0,0.0,,,0.0,0.0010000000000000002
7,saturation,step_load_disturbance,31.860549822283986,2230.9686438132485,30.609059741347167,153.14259989922942,17.250678886413507,23.2967529296875,0.06986027944111776,0.001996007984031936,,,0.0,0.0010000000000000002
7,saturation,ramp,4.757497444200147,55.02741309252187,16.856574443745586,172.49539832726055,18.407126283645532,21.164594650268555,0.18962075848303392,0.0,,,,0.0010000000000000002
7,saturation,sine,29.932979995586965,2433.391732826159,18.5612915492474,160.7751202866428,17.692586585998455,23.387683868408203,0.20958083832335328,0.013972055888223553,,,,0.0010000000000000002
7,combined_stress,step_nominal,37.46772979150272,2919.5713969067674,51.05299910945453,70.81278372854169,11.47861012840267,20.600669860839844,0.001996007984031936,0.0,,,0.0,0.0010000000000000002
7,combined_stress,step_load_disturbance,39.95657430669256,3242.64893654304,65.19690742151116,53.1722845801669,10.133146532058719,20.600669860839844,0.001996007984031936,0.0,,,0.0,0.0010000000000000002
7,combined_stress,ramp,12.199268828257082,436.131524806926,56.034652333428745,61.89070749114129,10.436963430404806,15.605449676513672,0.0,0.0,,,,0.0010000000000000002
7,combined_stress,sine,39.42418851966315,3422.397357929811,63.59382998721142,75.45776235581303,11.169822869300758,23.874704360961914,0.08982035928143713,0.05788423153692615,,,,0.0010000000000000002
8,nominal,step_nominal,17.349987075580948,942.8932380439219,33.46972307379292,189.3155141892907,17.722608224868974,24.0,0.5808383233532934,0.5608782435129741,0.28599999999998216,,33.46972307379292,0.0010000000000000002
8,nominal,step_load_disturbance,16.609857914957445,914.3110588244675,23.32724340503529,163.5939000820239,16.968191876411662,24.0,0.36726546906187624,0.34331337325349304,0.2829999999999825,,23.32724340503529,0.0010000000000000002
8,nominal,ramp,6.63755211806125,96.69408769699078,8.718079262389196,119.93162997445428,14.195092874527134,24.0,0.1996007984031936,0.14570858283433133,,,,0.0010000000000000002
8,nominal,sine,23.500399823313217,1463.8544165025392,32.33246103791787,203.0647743200724,18.713331447601462,24.0,0.6946107784431138,0.4471057884231537,,,,0.0010000000000000002
8,ra_plus_50,step_nominal,20.852341478094033,1252.4259300409328,5.7093202959533755,184.91184819149086,18.032879981994814,24.0,0.5149700598802395,0.41317365269461076,0.39699999999996893,,5.7093202959533755,0.0010000000000000002
8,ra_plus_50,step_load_disturbance,20.68401538382998,1254.821311904468,9.120344690980218,214.25402849727345,20.19102755737316,23.99582290649414,0.7405189620758483,0.281437125748503,0.3719999999999717,,9.120344690980218,0.0010000000000000002
8,ra_plus_50,ramp,3.3428189866077047,33.38417060522092,14.320430537158813,187.69697877470145,19.285809539794833,20.955581665039062,0.3273453093812375,0.0,,,,0.0010000000000000002
8,ra_plus_50,sine,23.20978137100524,1854.1961644810942,4.82974528859701,180.68956760545973,17.79107463264471,24.0,0.3932135728542914,0.3013972055888224,,,,0.0010000000000000002
8,j_plus_50,step_nominal,22.455712400464275,1486.1577053721248,18.37876054468137,201.60929547130553,19.968002887725735,23.999404907226562,0.5968063872255489,0.08183632734530938,0.335999999999974,,18.37876054468137,0.0010000000000000002
8,j_plus_50,step_load_disturbance,22.674366552743756,1500.5314078081556,12.863666231878895,206.7923594536914,20.186304964065446,23.874441146850586,0.5848303393213573,0.17764471057884232,0.353999999999972,,12.863666231878895,0.0010000000000000002
8,j_plus_50,ramp,6.856917574184048,114.67542495971446,13.455300112192077,208.03928620335404,19.959867955207926,23.998714447021484,0.6087824351297405,0.47704590818363274,,,,0.0010000000000000002
8,j_plus_50,sine,23.73685915579466,1764.3868292066788,18.565160498445138,212.18868566791463,20.48346506500248,23.97795867919922,0.4930139720558882,0.2155688622754491,,,,0.0010000000000000002
8,friction,step_nominal,17.458224942450336,956.5401070239676,32.50075168477656,189.78920195202178,17.812966372490127,24.0,0.5788423153692615,0.5489021956087824,0.2879999999999818,,32.50075168477656,0.0010000000000000002
8,friction,step_load_disturbance,16.85958309214536,932.9434663904048,21.737798025915865,166.67565014198996,17.107459672928076,24.0,0.37524950099800397,0.35129740518962077,0.2929999999999813,,21.737798025915865,0.0010000000000000002
8,friction,ramp,6.399735823620144,90.35574209041022,8.139704966766686,122.718774759405,14.419554658889938,24.0,0.20958083832335328,0.14171656686626746,,,,0.0010000000000000002
8,friction,sine,23.36091068771115,1466.031150331586,31.546188476376315,201.20662013088733,18.510389464378505,24.0,0.688622754491018,0.437125748502994,,,,0.0010000000000000002
8,saturation,step_nominal,30.31067950521092,2087.984455570999,24.52390393036626,122.8899458634899,15.505256240844753,20.599382400512695,0.023952095808383235,0.0,,,0.0,0.0010000000000000002
8,saturation,step_load_disturbance,31.80805297320532,2212.651179085484,31.49818998685761,140.2931405972902,16.59433806228637,23.371736526489258,0.05189620758483034,0.015968063872255488,,,0.0,0.0010000000000000002
8,saturation,ramp,2.069574026211107,11.241460647048045,8.218651489484003,277.7529665325253,23.534523618698106,23.95561981201172,0.9760479041916168,0.9301397205588823,,,,0.0010000000000000002
8,saturation,sine,28.782912730713438,2327.7705218056158,17.754691151401772,177.96322011225445,18.506909109115597,23.785953521728516,0.3812375249500998,0.11976047904191617,,,,0.0010000000000000002
8,combined_stress,step_nominal,39.35045248995824,3201.260272326974,50.09074020986905,81.79653593820211,11.896869186401188,20.599382400512695,0.001996007984031936,0.0,,,0.0,0.0010000000000000002
8,combined_stress,step_load_disturbance,40.320538444749445,3325.9594445275907,58.28287501238793,90.47832255628748,12.602870527267255,20.599382400512695,0.001996007984031936,0.0,,,0.0,0.0010000000000000002
8,combined_stress,ramp,7.597371863637008,150.25156602482363,29.208916925602765,188.8030263966242,19.329705322265546,21.17670249938965,0.5469061876247505,0.0,,,,0.0010000000000000002
8,combined_stress,sine,34.67090036394006,2882.5805033413967,40.58360650188928,131.00066794745564,15.363452173232982,24.0,0.13373253493013973,0.08782435129740519,,,,0.0010000000000000002
9,nominal,step_nominal,15.910622390716044,918.3004720740794,20.144254993077865,181.45399203458584,18.558743209838926,23.999998092651367,0.3652694610778443,0.17764471057884232,0.241999999999987,,20.144254993077865,0.0010000000000000002
9,nominal,step_load_disturbance,16.28000273233345,924.0903634258874,2.696185922181485,200.74040685125868,19.682807802200333,23.99959373474121,0.43912175648702595,0.3253493013972056,0.3499999999999751,,0.0,0.0010000000000000002
9,nominal,ramp,14.37438577088521,599.6226013259492,49.946363899052116,183.54075247386163,18.578054820537464,22.8896484375,0.6207584830339321,0.003992015968063872,,,,0.0010000000000000002
9,nominal,sine,18.04098288363832,1262.254714725263,12.952420935734267,177.98424026265434,17.650946679115403,23.968921661376953,0.5049900199600799,0.24550898203592814,,,,0.0010000000000000002
9,ra_plus_50,step_nominal,19.642141440383778,1280.1690086637084,1.9552196439568945,217.26639770301614,20.53000032424928,23.839691162109375,0.6986027944111777,0.3153692614770459,0.3119999999999774,0.49999999999996125,2.1821928951609664,0.0010000000000000002
9,ra_plus_50,step_load_disturbance,20.544395332730666,1318.840909453852,0.9559197116242046,209.34363761933741,19.82522561550143,23.999771118164062,0.6586826347305389,0.2554890219560878,0.34799999999997344,0.45899999999996577,1.1205076822438684,0.0010000000000000002
9,ra_plus_50,ramp,3.1559202844052585,25.2219445018979,10.393794133499966,180.78544711437235,18.666296792984003,23.95924186706543,0.3473053892215569,0.09181636726546906,,,,0.0010000000000000002
9,ra_plus_50,sine,22.488081996660394,1742.7785819673616,8.828327362762948,202.95126829153475,19.18341864490514,23.979774475097656,0.6586826347305389,0.3912175648702595,,,,0.0010000000000000002
9,j_plus_50,step_nominal,22.59653519601759,1500.8532093605247,1.1885204497472728,179.10576014736108,18.58581517314908,23.800552368164062,0.3473053892215569,0.07784431137724551,0.35599999999997256,0.46199999999996544,1.3425377241758696,0.0010000000000000002
9,j_plus_50,step_load_disturbance,24.480620491328015,1591.4073119857744,2.290875705890457,170.2177349036458,17.922932431221003,23.99992561340332,0.2714570858283433,0.19161676646706588,0.3989999999999678,,0.0,0.0010000000000000002
9,j_plus_50,ramp,3.7816362273437782,39.11531299379172,13.76214000066767,190.0087923619164,19.226576181411694,23.85384178161621,0.4630738522954092,0.03592814371257485,,,,0.0010000000000000002
9,j_plus_50,sine,23.0640648232614,1786.1187474657618,8.8369644967335,194.06174843307195,18.95638971900945,23.970422744750977,0.5329341317365269,0.2754491017964072,,,,0.0010000000000000002
9,friction,step_nominal,16.351319536131733,949.1556289335257,20.42275397997419,183.01864144791278,18.696248857498215,23.999996185302734,0.37325349301397204,0.18163672654690619,0.24799999999998623,,20.42275397997419,0.0010000000000000002
9,friction,step_load_disturbance,16.786383313924937,957.514014867846,2.251170643234474,197.0559313985371,19.461347152709983,23.99999237060547,0.43912175648702595,0.30538922155688625,0.37399999999997235,,0.0,0.0010000000000000002
9,friction,ramp,14.169153613412687,577.6147939401953,50.000000000007745,186.77457443847325,18.836867247581388,22.845691680908203,0.6586826347305389,0.003992015968063872,,,,0.0010000000000000002
9,friction,sine,18.34884381923994,1291.6964664302764,13.240663439285072,178.4309028359918,17.66736716461192,23.969804763793945,0.5169660678642715,0.2215568862275449,,,,0.0010000000000000002
9,saturation,step_nominal,30.979136648315993,2167.43122769274,21.969597356167213,138.00663722313692,16.32690428161615,19.180503845214844,0.0,0.0,,,0.0,0.0010000000000000002
9,saturation,step_load_disturbance,32.682725379404886,2311.8604208606757,33.01053760671131,133.4022794014622,16.051277265548656,19.759239196777344,0.0,0.0,,,0.0,0.0010000000000000002
9,saturation,ramp,4.177722291140969,44.11101439263723,15.538221008931728,180.45377549080587,18.84758749580377,23.541160583496094,0.3193612774451098,0.007984031936127744,,,,0.0010000000000000002
9,saturation,sine,29.52787082143312,2385.5107612957754,17.50617497330353,171.1123155852352,18.222690643310496,23.973569869995117,0.2694610778443114,0.09381237524950099,,,,0.0010000000000000002
9,combined_stress,step_nominal,35.36979132044367,2670.6809975792708,36.63530722163648,145.27213364367725,16.466164068221893,23.179744720458984,0.18562874251497005,0.027944111776447105,,,0.0,0.0010000000000000002
9,combined_stress,step_load_disturbance,37.99837316614564,2968.647219075271,54.82523034635352,92.32713695395411,13.357849459648083,19.583810806274414,0.0,0.0,,,0.0,0.0010000000000000002
9,combined_stress,ramp,12.50483104926735,480.0736605183256,59.00972136215932,67.3955641806594,10.122513991356115,18.72158432006836,0.0,0.0,,,,0.0010000000000000002
9,combined_stress,sine,33.686623753569194,2753.0840348627034,33.316437310573306,168.54512331778454,17.88058538436882,23.920961380004883,0.30538922155688625,0.16367265469061876,,,,0.0010000000000000002
