controller,condition,scenario,iae,ise,steady_state_error,control_energy,rise_time,settling_time,overshoot_pct,saturation_fraction
PID,nominal,step_nominal,14.931246566620093,877.1427703285879,2.4164212103762392,107.03770172524024,0.31399999999998174,0.49999999999996125,3.440766513303643,0.146
PID,nominal,step_load_disturbance,15.536593250801038,887.991601356894,1.7294860606448343,111.68252844815527,0.34299999999997854,0.4679999999999648,-0.7623839913026131,0.146
PID,nominal,ramp,10.844138275152094,264.26730056978096,27.893313732500374,40.25998613431067,,0.49999999999996125,-27.78561672240743,0.0
PID,nominal,sine,17.73302454229827,1203.796859239056,2.3556007537304704,118.55081813286934,,0.49999999999996125,-19.753253150238013,0.28
PID,ra_plus_50,step_nominal,19.76366159486274,1190.7515202981128,4.085881686604222,156.72915116450264,0.41299999999997083,0.49999999999996125,-2.1231492068207416,0.226
PID,ra_plus_50,step_load_disturbance,20.80877718898185,1223.8645002598646,9.431369895563982,165.51918747517024,0.4679999999999648,0.49999999999996125,-7.646102188986164,0.226
PID,ra_plus_50,ramp,13.53308674502158,425.31871300117893,38.120270112723595,63.667484203281525,,0.49999999999996125,-38.28940707137112,0.0
PID,ra_plus_50,sine,20.44885533317751,1556.8207811381542,3.59600641879864,155.84455133842667,,0.49999999999996125,-22.856537884687178,0.382
PID,j_plus_50,step_nominal,20.574488747318743,1271.2506979916368,4.281260269960187,166.06209428165346,0.4179999999999703,0.49999999999996125,-2.1975857768747318,0.264
PID,j_plus_50,step_load_disturbance,21.2714245104036,1293.461977518143,7.84582838447147,172.05861464008322,0.45099999999996665,0.49999999999996125,-5.880470020978493,0.264
PID,j_plus_50,ramp,13.53461057512601,425.3995069666204,38.12015301311769,63.680785472851575,,0.49999999999996125,-38.28857105402781,0.0
PID,j_plus_50,sine,21.39548008083477,1672.32849703112,4.238542681204106,164.60515990903684,,0.49999999999996125,-23.213318154001925,0.41
PID,friction,step_nominal,15.25686829206671,897.1201015681883,1.4259701806604133,110.5790533239848,0.32299999999998075,0.49999999999996125,2.4716079256875503,0.15
PID,friction,step_load_disturbance,15.988644898294984,909.792547807059,2.7199371495617344,115.49375763999355,0.3559999999999771,0.49199999999996213,-1.7315425816845076,0.15
PID,friction,ramp,11.265913148703385,285.12444338803164,28.898753860225128,43.448308138974,,0.49999999999996125,-28.77307004348857,0.0
PID,friction,sine,17.812726625202913,1224.6565863245182,2.289636930041348,121.32129236200477,,0.49999999999996125,-20.550484661094533,0.286
PID,saturation,step_nominal,27.197751818541715,1811.4741661296798,15.80753292436517,238.97598400870822,,0.49999999999996125,-12.316042936383099,0.522
PID,saturation,step_load_disturbance,28.60497803563177,1900.724255398858,23.65083569803285,256.79140190216634,,0.49999999999996125,-20.57553297752635,0.576
PID,saturation,ramp,13.852764641684454,456.02114182772846,42.498353383231645,67.41415391788368,,0.49999999999996125,-43.384884993358824,0.0
PID,saturation,sine,27.627909766943098,2208.251354687731,13.397339010896735,215.9549648674632,,0.49999999999996125,-29.879687351022127,0.53
PID,combined_stress,step_nominal,29.89089801489155,2046.6006562600169,25.23890050151617,266.6946579192667,,0.49999999999996125,-21.927346457838112,0.674
PID,combined_stress,step_load_disturbance,31.359827019176322,2164.0868957880257,33.576087592854236,282.773666905695,,0.49999999999996125,-30.761377813525907,0.838
PID,combined_stress,ramp,15.92534387250398,612.1966695097667,50.44645633584497,89.8159192166311,,0.49999999999996125,-51.700080317832885,0.0
PID,combined_stress,sine,30.242459798961534,2413.441870453839,22.213782253833156,239.8060131294515,,0.49999999999996125,-37.40174790965563,0.572
LQR,nominal,step_nominal,12.145544939204061,806.2868655390929,4.516053024872235e-09,141.49467080499338,0.2199999999999921,0.23899999999999,6.589800705114612e-09,0.476
LQR,nominal,step_load_disturbance,12.243188558798451,806.762397850581,0.2384229904264245,147.18404124849363,0.22199999999999187,0.24299999999998956,-0.2384229864504448,0.484
LQR,nominal,ramp,0.6708944584410008,0.9048405284482165,1.3569830358689834,67.78885238255558,0.456999999999966,0.0,-1.3569830298575651,0.0
LQR,nominal,sine,15.58409239419828,1166.5261978247497,1.5504683189622144,161.48860092026217,,0.24299999999998956,-16.323189759449562,0.486
LQR,ra_plus_50,step_nominal,16.76295687735815,1103.7215743578868,0.0005759734254328918,196.76037837806152,0.3069999999999825,0.3359999999999793,-0.0005740738382655763,0.668
LQR,ra_plus_50,step_load_disturbance,17.213470365581856,1114.4436669207541,0.3538121151797594,211.2073460358158,0.32199999999998086,0.3549999999999772,-0.35379961753756106,0.706
LQR,ra_plus_50,ramp,0.9872983420821567,1.9659861195314943,2.0107442709021646,138.6151669007631,0.46099999999996555,0.49999999999996125,-2.010772402593388,0.0
LQR,ra_plus_50,sine,19.62932464000081,1540.9326219648485,2.247798755133404,201.40881893289185,,0.49999999999996125,-18.7431534357993,0.59
LQR,j_plus_50,step_nominal,18.23614683872834,1211.1173998730612,2.5778972757848352e-05,210.11373929166675,0.32999999999998,0.3589999999999768,-7.344712571466516e-07,0.714
LQR,j_plus_50,step_load_disturbance,18.618881644722958,1221.8102814507884,0.23853604620755278,220.49413543500444,0.34299999999997854,0.37399999999997513,-0.23842619739447454,0.744
LQR,j_plus_50,ramp,0.9993508616796741,2.01441158858276,2.0352964353039793,138.548402792246,0.46099999999996555,0.49999999999996125,-2.0352964083801353,0.0
LQR,j_plus_50,sine,20.774652411459197,1661.3100841247715,2.2743162408967463,207.33055060142493,,0.49999999999996125,-18.76822282842518,0.616
LQR,friction,step_nominal,12.426643777097622,823.971390978512,0.05960573643091152,145.22747217464837,0.22499999999999154,0.24499999999998934,-0.05960573263435265,0.488
LQR,friction,step_load_disturbance,12.532448634516605,824.627347263571,0.2980287446907602,151.55080264598251,0.2279999999999912,0.2489999999999889,-0.29802874156720804,0.496
LQR,friction,ramp,0.7002990630455985,0.985977365122749,1.4165887727472815,73.07230543134094,0.4579999999999659,0.0,-1.4165887683797354,0.0
LQR,friction,sine,15.846791738274048,1191.1305616914758,1.6100740223526742,163.61133437977554,,0.24599999999998923,-17.036289187645284,0.492
LQR,saturation,step_nominal,26.894748234560396,1800.0698049790526,12.410328991421089,288.0,0.48899999999996246,0.49999999999996125,-7.922247162385119,1.0
LQR,saturation,step_load_disturbance,28.47695818537347,1894.1140437533888,22.059021367893575,288.0,,0.49999999999996125,-18.426330494000013,1.0
LQR,saturation,ramp,2.931379455449051,19.97070338553392,9.52057560774435,270.0033164156698,0.49999999999996125,0.49999999999996125,-9.931324232608064,0.866
LQR,saturation,sine,26.894748234560176,2193.2257989033787,6.448788162501064,288.0,,0.49999999999996125,-23.268539301987598,1.0
LQR,combined_stress,step_nominal,29.775800899153367,2040.3013576260234,23.779816709919142,288.0,,0.49999999999996125,-19.954979792767375,1.0
LQR,combined_stress,step_load_disturbance,31.34468733596149,2163.0704744647733,33.31574999494058,288.0,,0.49999999999996125,-30.325407092927847,1.0
LQR,combined_stress,ramp,5.661713530265914,80.84039314782814,20.54226089196116,276.49225867296497,,0.49999999999996125,-21.61288274035942,0.926
LQR,combined_stress,sine,29.77580089915315,2395.1684745709326,17.818275880999124,288.0,,0.49999999999996125,-33.295816493972815,1.0
LQI,nominal,step_nominal,22.120705235875473,1283.9526753065668,15.332800198567938,63.208853481119206,,0.49999999999996125,-13.877590416384377,0.0
LQI,nominal,step_load_disturbance,22.166009661738425,1286.621266828877,15.422507010834952,72.31955418522155,,0.49999999999996125,-13.958783297636812,0.0
LQI,nominal,ramp,14.596665618648297,503.11667855856246,43.6849785771888,24.55995800475878,,0.49999999999996125,-44.41365531098277,0.0
LQI,nominal,sine,20.83826102548091,1482.8324681153956,14.409254560465126,69.96365057446202,,0.49999999999996125,-32.47813345988931,0.0
LQI,ra_plus_50,step_nominal,22.25855676198045,1317.3801970539043,14.971605539880242,132.17800836172967,,0.49999999999996125,-13.529671957028313,0.26
LQI,ra_plus_50,step_load_disturbance,22.325797291586714,1321.2573434631163,15.106639426626908,150.84409298669928,,0.49999999999996125,-13.651700523910918,0.26
LQI,ra_plus_50,ramp,14.701064431437226,509.95073982809157,43.896768679679234,51.363629238420835,,0.49999999999996125,-44.61584945539703,0.0
LQI,ra_plus_50,sine,21.208778792825136,1618.9635112798126,12.922074087762134,148.8665008622154,,0.49999999999996125,-31.40854875645874,0.466
LQI,j_plus_50,step_nominal,22.38759303612119,1355.1863601740279,14.398142867000615,150.5050985864097,,0.49999999999996125,-13.01071312121067,0.394
LQI,j_plus_50,step_load_disturbance,22.433762768840275,1357.826256113312,14.485519793849358,162.7222956109352,,0.49999999999996125,-13.089670261243342,0.4
LQI,j_plus_50,ramp,14.70474210024442,510.1909170589883,43.90403587017392,51.3634218234281,,0.49999999999996125,-44.62276283393526,0.0
LQI,j_plus_50,sine,21.77620012033397,1719.7660511374715,11.233998792902467,169.9584319798296,,0.49999999999996125,-30.139236436632032,0.556
LQI,friction,step_nominal,22.134820110324213,1285.5581894445031,15.342870885383293,68.04595229665475,,0.49999999999996125,-13.886705309602263,0.0
LQI,friction,step_load_disturbance,22.180124536532364,1288.2285287217248,15.432577703961492,77.64726929665302,,0.49999999999996125,-13.967898218411335,0.0
LQI,friction,ramp,14.610699162588153,503.7833304023135,43.69540960183632,27.5488292413796,,0.49999999999996125,-44.42309634258797,0.0
LQI,friction,sine,20.85237589898386,1484.5113373271397,14.419325253963809,74.59838553157634,,0.49999999999996125,-32.485729227800356,0.0
LQI,saturation,step_nominal,27.176988819846617,1830.5085403591095,12.974770765731483,283.80592090072145,0.49199999999996213,0.49999999999996125,-8.486360465058937,0.976
LQI,saturation,step_load_disturbance,28.75919950897761,1926.3421342757988,22.623469368763224,283.80592090072145,,0.49999999999996125,-18.990451166597296,0.976
LQI,saturation,ramp,14.767734264449174,515.9159641528838,44.326813983864966,69.6857824898238,,0.49999999999996125,-45.06499308921251,0.0
LQI,saturation,sine,27.174010332267944,2223.362965560663,7.007218972701944,283.87603912230145,,0.49999999999996125,-23.733627498857892,0.976
LQI,combined_stress,step_nominal,30.061359635714737,2074.5499598199863,24.34032783038968,284.1939896045909,,0.49999999999996125,-20.513958715209895,0.978
LQI,combined_stress,step_load_disturbance,31.63025811224613,2199.0934935485493,33.87636267622625,284.1939896045909,,0.49999999999996125,-30.88450622184007,0.978
LQI,combined_stress,ramp,14.951756978364426,528.9605431521848,45.10141154499872,130.81299810237115,,0.49999999999996125,-46.10604510204098,0.186
LQI,combined_stress,sine,30.058290308804555,2429.143621580887,18.372704082747543,284.24884621913037,,0.49999999999996125,-33.75657701561243,0.978
Hinf_state_feedback,nominal,step_nominal,12.140318722922022,806.2818107679653,1.9189735667168863e-09,142.14907374172077,0.2199999999999921,0.23899999999999,4.090978222848207e-09,0.482
Hinf_state_feedback,nominal,step_load_disturbance,12.21378434638784,806.7461177145153,0.14080121982916297,147.89117599442673,0.22199999999999187,0.24299999999998956,-0.14080121559727843,0.49
Hinf_state_feedback,nominal,ramp,0.3984058280712065,0.31823254368286225,0.8013627026655351,68.41834710859519,0.4549999999999662,0.0,-0.801362704032277,0.0
Hinf_state_feedback,nominal,sine,15.47923037519835,1166.3084695583111,0.9297697970643304,163.1050327642765,,0.24299999999998956,-16.123121469870608,0.49
Hinf_state_feedback,ra_plus_50,step_nominal,16.754586939627238,1103.7129855129328,0.0003323106963338773,197.69214694223302,0.3069999999999825,0.3349999999999794,-0.00033230948726270526,0.676
Hinf_state_feedback,ra_plus_50,step_load_disturbance,17.186014847551583,1114.4196986699576,0.20759557478554655,212.25989108693605,0.32199999999998086,0.3549999999999772,-0.20759557236556245,0.716
Hinf_state_feedback,ra_plus_50,ramp,0.5842021094231586,0.685549907518214,1.1798453282538746,140.50304087199848,0.4559999999999661,0.0,-1.1798616280624605,0.0
Hinf_state_feedback,ra_plus_50,sine,19.531810009982387,1540.6658796330626,1.3544574186960938,205.02775919451415,,0.29499999999998383,-17.896753231981332,0.594
Hinf_state_feedback,j_plus_50,step_nominal,18.227853789576763,1211.1089234496712,9.482071448019269e-09,211.095976260409,0.32999999999998,0.3589999999999768,3.733674702743883e-09,0.722
Hinf_state_feedback,j_plus_50,step_load_disturbance,18.599746024359224,1221.7945431896148,0.14080135490312443,221.5586307906423,0.34299999999997854,0.37399999999997513,-0.14080121674270174,0.754
Hinf_state_feedback,j_plus_50,ramp,0.5951507815343312,0.7115313744875873,1.2019422063314147,140.4407050379168,0.456999999999966,0.0,-1.2019422149528871,0.0
Hinf_state_feedback,j_plus_50,sine,20.687423717297957,1661.0656294093706,1.3794427032228975,210.830288033287,,0.3079999999999824,-17.919737742472073,0.622
Hinf_state_feedback,friction,step_nominal,12.415375896708195,823.965204568299,0.03520032507855689,145.88545542072868,0.22499999999999154,0.24399999999998945,-0.03520032063853762,0.492
Hinf_state_feedback,friction,step_load_disturbance,12.497726536197469,824.6057850336051,0.17600152977224012,152.27409070494346,0.2279999999999912,0.2489999999999889,-0.17600152654971168,0.502
Hinf_state_feedback,friction,ramp,0.41586907100118176,0.3467680199900393,0.8365630018834591,73.75696301121577,0.4549999999999662,0.0,-0.8365629951099232,0.0
Hinf_state_feedback,friction,sine,15.744377236086647,1190.9187978312425,0.9649700899687437,165.23434708569093,,0.24599999999998923,-16.835091517631515,0.496
Hinf_state_feedback,saturation,step_nominal,26.894748234560396,1800.0698049790526,12.410328991421089,288.0,0.48899999999996246,0.49999999999996125,-7.922247162385119,1.0
Hinf_state_feedback,saturation,step_load_disturbance,28.47695818537347,1894.1140437533888,22.059021367893575,288.0,,0.49999999999996125,-18.426330494000013,1.0
Hinf_state_feedback,saturation,ramp,2.5354473820589227,15.514386163149606,8.701257996030819,277.46057872232007,0.4959999999999617,0.49999999999996125,-9.11248319351112,0.92
Hinf_state_feedback,saturation,sine,26.894748234560176,2193.2257989033787,6.448788162501064,288.0,,0.49999999999996125,-23.268539301987598,1.0
Hinf_state_feedback,combined_stress,step_nominal,29.775800899153367,2040.3013576260234,23.779816709919142,288.0,,0.49999999999996125,-19.954979792767375,1.0
Hinf_state_feedback,combined_stress,step_load_disturbance,31.34468733596149,2163.0704744647733,33.31574999494058,288.0,,0.49999999999996125,-30.325407092927847,1.0
Hinf_state_feedback,combined_stress,ramp,5.3258445522884506,73.31495206749614,19.866086481435264,281.2704339977692,,0.49999999999996125,-20.938554252710535,0.958
Hinf_state_feedback,combined_stress,sine,29.77580089915315,2395.1684745709326,17.818275880999124,288.0,,0.49999999999996125,-33.295816493972815,1.0
MPC_linear_clipped,nominal,step_nominal,12.14715754959009,806.2889685231982,5.076724676200683e-09,141.35643313581613,0.2199999999999921,0.2399999999999899,7.181824912549928e-09,0.476
MPC_linear_clipped,nominal,step_load_disturbance,12.250135438057871,806.7678599262053,0.2602821648328245,147.02240115358833,0.22199999999999187,0.24299999999998956,-0.2602821607872272,0.482
MPC_linear_clipped,nominal,ramp,0.7314944916473185,1.0763380153326008,1.481398880017292,67.6485363880668,0.4579999999999659,0.0,-1.4813988856771951,0.0
MPC_linear_clipped,nominal,sine,15.606857672925344,1166.5877234367001,1.686274155914268,161.14559501108428,,0.24299999999998956,-16.36630874722731,0.486
MPC_linear_clipped,ra_plus_50,step_nominal,16.76552858049849,1103.7250599074232,0.0006377560389074688,196.54655646847144,0.3069999999999825,0.3359999999999793,-0.0006313467820291407,0.666
MPC_linear_clipped,ra_plus_50,step_load_disturbance,17.220305689359467,1114.4521253010791,0.3871627414462452,210.96843098744995,0.32199999999998086,0.3559999999999771,-0.3871281590155178,0.704
MPC_linear_clipped,ra_plus_50,ramp,1.078221788483361,2.3469448980495535,2.200141585970548,138.18596785238825,0.46199999999996544,0.49999999999996125,-2.20017250640555,0.0
MPC_linear_clipped,ra_plus_50,sine,19.64985790991293,1541.0059534178847,2.4428141420108793,200.61209936740477,,0.49999999999996125,-18.932166232069605,0.59
MPC_linear_clipped,j_plus_50,step_nominal,18.238621932991645,1211.12070596104,6.818925339928228e-05,209.89397712132387,0.32999999999998,0.35999999999997667,-2.826959971002907e-06,0.712
MPC_linear_clipped,j_plus_50,step_load_disturbance,18.62374264191092,1221.8160084999527,0.2605399361176984,220.25828186651694,0.34299999999997854,0.374999999999975,-0.2602928349832041,0.742
MPC_linear_clipped,j_plus_50,ramp,1.0889181025012675,2.3938595765846076,2.221901658432483,138.1259586004434,0.46199999999996544,0.49999999999996125,-2.2219016637258324,0.0
MPC_linear_clipped,j_plus_50,sine,20.79256293793342,1661.3758366850486,2.4662087839768496,206.56992147324593,,0.49999999999996125,-18.954338683521264,0.614
MPC_linear_clipped,friction,step_nominal,12.429596112142834,823.9738813943706,0.06507055129242588,145.0679987780083,0.22499999999999154,0.24499999999998934,-0.06507054951923408,0.486
MPC_linear_clipped,friction,step_load_disturbance,12.54060285315392,824.6344735610041,0.3253527293317603,151.38201523699595,0.2279999999999912,0.2489999999999889,-0.3253527263796343,0.494
MPC_linear_clipped,friction,ramp,0.7635549485154229,1.1728533386294049,1.546469416059501,72.91971279179825,0.4579999999999659,0.0,-1.5464694160500505,0.0
MPC_linear_clipped,friction,sine,15.86894749170428,1191.1903599045372,1.7513446964507247,163.24629866102887,,0.24599999999998923,-17.085363910710782,0.492
MPC_linear_clipped,saturation,step_nominal,26.894748234560396,1800.0698049790526,12.410328991421089,288.0,0.48899999999996246,0.49999999999996125,-7.922247162385119,1.0
MPC_linear_clipped,saturation,step_load_disturbance,28.47695818537347,1894.1140437533888,22.059021367893575,288.0,,0.49999999999996125,-18.426330494000013,1.0
MPC_linear_clipped,saturation,ramp,3.0188504101949576,21.050720664309328,9.703966758055001,268.3480462070523,,0.49999999999996125,-10.11460872861281,0.852
MPC_linear_clipped,saturation,sine,26.894748234560176,2193.2257989033787,6.448788162501064,288.0,,0.49999999999996125,-23.268539301987598,1.0
MPC_linear_clipped,combined_stress,step_nominal,29.775800899153367,2040.3013576260234,23.779816709919142,288.0,,0.49999999999996125,-19.954979792767375,1.0
MPC_linear_clipped,combined_stress,step_load_disturbance,31.34468733596149,2163.0704744647733,33.31574999494058,288.0,,0.49999999999996125,-30.325407092927847,1.0
MPC_linear_clipped,combined_stress,ramp,5.7370323590645524,82.60557377066566,20.695456926115884,275.4141632745298,,0.49999999999996125,-21.76566077697509,0.92
MPC_linear_clipped,combined_stress,sine,29.77580089915315,2395.1684745709326,17.818275880999124,288.0,,0.49999999999996125,-33.295816493972815,1.0
TD3_loaded,nominal,step_nominal,14.250707768257946,885.110975503404,6.942294678097272,126.83122239271302,0.2559999999999881,0.49999999999996125,8.150329403791673,0.108
TD3_loaded,nominal,step_load_disturbance,14.664143399473456,888.762700992973,11.071012020707093,137.74170712547857,0.2399999999999899,0.49999999999996125,11.872448873334648,0.108
TD3_loaded,nominal,ramp,6.805157370261402,151.98646854922393,30.52521455236435,123.32756069732768,0.3399999999999789,0.49999999999996125,32.383992354972996,0.002
TD3_loaded,nominal,sine,19.095813603876294,1359.2417842359812,13.00327477390607,150.2970190073768,0.4779999999999637,0.49999999999996125,-2.6776244183060642,0.09
TD3_loaded,ra_plus_50,step_nominal,22.905722025344712,1501.377105224814,3.3023069801139435,165.6126897259927,0.4159999999999705,0.49999999999996125,7.309197604805603,0.0
TD3_loaded,ra_plus_50,step_load_disturbance,22.39953645214272,1480.2668316223253,7.3407989528566535,211.74638524255602,0.39099999999997326,0.49999999999996125,9.108774776458873,0.392
TD3_loaded,ra_plus_50,ramp,2.3386114824310376,16.611391165877595,10.632177080933431,180.40724195429758,0.4069999999999715,0.49999999999996125,11.303063550894231,0.002
TD3_loaded,ra_plus_50,sine,25.976361263099633,2164.387889902032,3.2104330223844806,162.93728060686036,,0.49999999999996125,-13.43482966705936,0.122
TD3_loaded,j_plus_50,step_nominal,23.338079665636215,1492.7437056459082,4.115870633311085,147.5598526855002,0.4459999999999672,0.4859999999999628,0.6450482873719068,0.0
TD3_loaded,j_plus_50,step_load_disturbance,22.131274264804663,1447.3116343635575,8.016057125667233,207.76392178143948,0.3879999999999736,0.49999999999996125,10.262465978237586,0.3
TD3_loaded,j_plus_50,ramp,1.47705356892279,5.738903571182847,5.960697500267728,164.27283348437405,0.4259999999999694,0.49999999999996125,6.41569084747934,0.002
TD3_loaded,j_plus_50,sine,24.84525033963355,2106.283381754731,0.23424415649786398,147.60811191512857,,0.3769999999999748,-16.817458375489213,0.028
TD3_loaded,friction,step_nominal,14.584224337557089,907.4617389661682,7.74802086304211,129.64175777939954,0.26199999999998747,0.49999999999996125,8.783635380053013,0.106
TD3_loaded,friction,step_load_disturbance,14.844279314368697,908.5967860992718,10.716106319464478,141.59139366070673,0.24499999999998934,0.49999999999996125,11.601210735540931,0.106
TD3_loaded,friction,ramp,6.359436956898409,136.1857097853298,29.217793291019863,127.73754552256187,0.3449999999999783,0.49999999999996125,30.98119076216494,0.002
TD3_loaded,friction,sine,19.433818175429376,1395.5915013368488,12.511670659789797,147.08447101514986,0.47999999999996346,0.49999999999996125,-3.24351360928721,0.086
TD3_loaded,saturation,step_nominal,29.93113171631016,2051.2377555270778,24.410258534177096,142.4007366117445,,0.49999999999996125,-20.50246780183481,0.004
TD3_loaded,saturation,step_load_disturbance,31.05855447751021,2140.3403817658436,30.755061654298075,166.94817352487937,,0.49999999999996125,-27.5395939792997,0.004
TD3_loaded,saturation,ramp,5.049926679576266,63.06165201429488,17.55608722949195,158.60840961753058,,0.49999999999996125,-18.39100024588223,0.002
TD3_loaded,saturation,sine,31.317731668990586,2562.5231311359844,22.111109169952236,124.96204315593475,,0.49999999999996125,-36.895689000116214,0.0
TD3_loaded,combined_stress,step_nominal,35.01779779953271,2617.703487206209,40.27222964027745,141.18501627515283,,0.49999999999996125,-36.90535929140522,0.0
TD3_loaded,combined_stress,step_load_disturbance,36.71569185798598,2801.4289283238527,51.15223065533446,128.52813417357564,,0.49999999999996125,-48.85207930316956,0.0
TD3_loaded,combined_stress,ramp,26.774364435878972,1906.7350188420714,88.95585492983192,116.65153176747786,,0.49999999999996125,-83.77947963289583,0.018
TD3_loaded,combined_stress,sine,36.32708570674791,3039.83330944477,40.65009532801594,106.74479077247982,,0.49999999999996125,-52.78529239944826,0.0
