controller,family,condition,scenario,IAE,IAE,ISE,ISE,SSE,SSE,ControlEnergy,ControlEnergy,MeanAbsVoltage,MeanAbsVoltage,SaturationFraction,SaturationFraction
,,,,mean,std,mean,std,mean,std,mean,std,mean,std,mean,std
LQI,Classical,combined_stress,ramp,14.951756978364426,,528.9605431521848,,45.10141154499872,,130.81299810237115,,,,0.186,
LQI,Classical,combined_stress,sine,30.058290308804555,,2429.143621580887,,18.372704082747543,,284.2488462191304,,,,0.978,
LQI,Classical,combined_stress,step_load_disturbance,31.63025811224613,,2199.0934935485493,,33.87636267622625,,284.1939896045909,,,,0.978,
LQI,Classical,combined_stress,step_nominal,30.061359635714737,,2074.5499598199863,,24.34032783038968,,284.1939896045909,,,,0.978,
LQI,Classical,friction,ramp,14.610699162588151,,503.7833304023135,,43.69540960183632,,27.5488292413796,,,,0.0,
LQI,Classical,friction,sine,20.85237589898386,,1484.5113373271397,,14.419325253963809,,74.59838553157634,,,,0.0,
LQI,Classical,friction,step_load_disturbance,22.180124536532364,,1288.2285287217248,,15.432577703961492,,77.64726929665302,,,,0.0,
LQI,Classical,friction,step_nominal,22.134820110324213,,1285.5581894445031,,15.342870885383292,,68.04595229665475,,,,0.0,
LQI,Classical,j_plus_50,ramp,14.70474210024442,,510.1909170589883,,43.90403587017392,,51.3634218234281,,,,0.0,
LQI,Classical,j_plus_50,sine,21.77620012033397,,1719.7660511374715,,11.233998792902469,,169.9584319798296,,,,0.556,
LQI,Classical,j_plus_50,step_load_disturbance,22.433762768840275,,1357.826256113312,,14.485519793849358,,162.7222956109352,,,,0.4,
LQI,Classical,j_plus_50,step_nominal,22.38759303612119,,1355.186360174028,,14.398142867000615,,150.5050985864097,,,,0.394,
LQI,Classical,nominal,ramp,14.596665618648297,,503.11667855856246,,43.6849785771888,,24.55995800475878,,,,0.0,
LQI,Classical,nominal,sine,20.83826102548091,,1482.8324681153956,,14.409254560465126,,69.96365057446202,,,,0.0,
LQI,Classical,nominal,step_load_disturbance,22.166009661738425,,1286.621266828877,,15.422507010834952,,72.31955418522155,,,,0.0,
LQI,Classical,nominal,step_nominal,22.120705235875477,,1283.9526753065668,,15.332800198567938,,63.208853481119206,,,,0.0,
LQI,Classical,ra_plus_50,ramp,14.701064431437226,,509.9507398280916,,43.896768679679234,,51.36362923842084,,,,0.0,
LQI,Classical,ra_plus_50,sine,21.208778792825136,,1618.9635112798126,,12.922074087762134,,148.8665008622154,,,,0.466,
LQI,Classical,ra_plus_50,step_load_disturbance,22.325797291586717,,1321.2573434631165,,15.106639426626908,,150.84409298669928,,,,0.26,
LQI,Classical,ra_plus_50,step_nominal,22.25855676198045,,1317.3801970539043,,14.971605539880242,,132.17800836172967,,,,0.26,
LQI,Classical,saturation,ramp,14.767734264449174,,515.9159641528838,,44.326813983864966,,69.6857824898238,,,,0.0,
LQI,Classical,saturation,sine,27.174010332267944,,2223.362965560663,,7.007218972701944,,283.87603912230145,,,,0.976,
LQI,Classical,saturation,step_load_disturbance,28.75919950897761,,1926.3421342757988,,22.623469368763224,,283.80592090072145,,,,0.976,
LQI,Classical,saturation,step_nominal,27.176988819846617,,1830.5085403591092,,12.974770765731485,,283.80592090072145,,,,0.976,
LQR,Classical,combined_stress,ramp,5.661713530265914,,80.84039314782814,,20.54226089196116,,276.49225867296497,,,,0.926,
LQR,Classical,combined_stress,sine,29.77580089915315,,2395.1684745709326,,17.818275880999124,,288.0,,,,1.0,
LQR,Classical,combined_stress,step_load_disturbance,31.34468733596149,,2163.0704744647733,,33.31574999494058,,288.0,,,,1.0,
LQR,Classical,combined_stress,step_nominal,29.775800899153367,,2040.3013576260237,,23.779816709919142,,288.0,,,,1.0,
LQR,Classical,friction,ramp,0.7002990630455985,,0.985977365122749,,1.4165887727472817,,73.07230543134094,,,,0.0,
LQR,Classical,friction,sine,15.846791738274048,,1191.1305616914758,,1.6100740223526742,,163.61133437977554,,,,0.492,
LQR,Classical,friction,step_load_disturbance,12.532448634516603,,824.627347263571,,0.2980287446907602,,151.55080264598251,,,,0.496,
LQR,Classical,friction,step_nominal,12.426643777097622,,823.971390978512,,0.0596057364309115,,145.22747217464837,,,,0.488,
LQR,Classical,j_plus_50,ramp,0.999350861679674,,2.01441158858276,,2.0352964353039797,,138.548402792246,,,,0.0,
LQR,Classical,j_plus_50,sine,20.7746524114592,,1661.3100841247715,,2.2743162408967463,,207.33055060142493,,,,0.616,
LQR,Classical,j_plus_50,step_load_disturbance,18.61888164472296,,1221.8102814507884,,0.2385360462075527,,220.49413543500444,,,,0.744,
LQR,Classical,j_plus_50,step_nominal,18.23614683872834,,1211.1173998730612,,2.5778972757848352e-05,,210.11373929166675,,,,0.714,
LQR,Classical,nominal,ramp,0.6708944584410008,,0.9048405284482164,,1.3569830358689834,,67.78885238255558,,,,0.0,
LQR,Classical,nominal,sine,15.58409239419828,,1166.5261978247495,,1.5504683189622144,,161.48860092026217,,,,0.486,
LQR,Classical,nominal,step_load_disturbance,12.243188558798453,,806.762397850581,,0.2384229904264245,,147.18404124849363,,,,0.484,
LQR,Classical,nominal,step_nominal,12.14554493920406,,806.2868655390929,,4.516053024872235e-09,,141.49467080499338,,,,0.476,
LQR,Classical,ra_plus_50,ramp,0.9872983420821568,,1.9659861195314945,,2.010744270902165,,138.6151669007631,,,,0.0,
LQR,Classical,ra_plus_50,sine,19.62932464000081,,1540.9326219648483,,2.247798755133404,,201.40881893289185,,,,0.59,
LQR,Classical,ra_plus_50,step_load_disturbance,17.213470365581856,,1114.443666920754,,0.3538121151797594,,211.2073460358158,,,,0.706,
LQR,Classical,ra_plus_50,step_nominal,16.76295687735815,,1103.7215743578868,,0.0005759734254328,,196.76037837806152,,,,0.668,
LQR,Classical,saturation,ramp,2.931379455449051,,19.97070338553392,,9.52057560774435,,270.0033164156698,,,,0.866,
LQR,Classical,saturation,sine,26.894748234560176,,2193.2257989033787,,6.448788162501064,,288.0,,,,1.0,
LQR,Classical,saturation,step_load_disturbance,28.47695818537347,,1894.1140437533888,,22.05902136789357,,288.0,,,,1.0,
LQR,Classical,saturation,step_nominal,26.8947482345604,,1800.0698049790526,,12.410328991421087,,288.0,,,,1.0,
MPC,Classical,combined_stress,ramp,5.737032359064552,,82.60557377066566,,20.695456926115884,,275.4141632745298,,,,0.92,
MPC,Classical,combined_stress,sine,29.77580089915315,,2395.1684745709326,,17.818275880999124,,288.0,,,,1.0,
MPC,Classical,combined_stress,step_load_disturbance,31.34468733596149,,2163.0704744647733,,33.31574999494058,,288.0,,,,1.0,
MPC,Classical,combined_stress,step_nominal,29.775800899153367,,2040.3013576260237,,23.779816709919142,,288.0,,,,1.0,
MPC,Classical,friction,ramp,0.7635549485154229,,1.1728533386294049,,1.546469416059501,,72.91971279179825,,,,0.0,
MPC,Classical,friction,sine,15.86894749170428,,1191.1903599045372,,1.7513446964507249,,163.24629866102887,,,,0.492,
MPC,Classical,friction,step_load_disturbance,12.54060285315392,,824.6344735610041,,0.3253527293317603,,151.38201523699595,,,,0.494,
MPC,Classical,friction,step_nominal,12.429596112142834,,823.9738813943706,,0.0650705512924258,,145.0679987780083,,,,0.486,
MPC,Classical,j_plus_50,ramp,1.0889181025012675,,2.393859576584608,,2.221901658432483,,138.1259586004434,,,,0.0,
MPC,Classical,j_plus_50,sine,20.79256293793342,,1661.3758366850486,,2.4662087839768496,,206.56992147324596,,,,0.614,
MPC,Classical,j_plus_50,step_load_disturbance,18.62374264191092,,1221.8160084999529,,0.2605399361176984,,220.2582818665169,,,,0.742,
MPC,Classical,j_plus_50,step_nominal,18.238621932991645,,1211.12070596104,,6.818925339928228e-05,,209.89397712132387,,,,0.712,
MPC,Classical,nominal,ramp,0.7314944916473185,,1.0763380153326008,,1.481398880017292,,67.6485363880668,,,,0.0,
MPC,Classical,nominal,sine,15.606857672925344,,1166.5877234367,,1.686274155914268,,161.14559501108428,,,,0.486,
MPC,Classical,nominal,step_load_disturbance,12.250135438057873,,806.7678599262053,,0.2602821648328245,,147.02240115358833,,,,0.482,
MPC,Classical,nominal,step_nominal,12.14715754959009,,806.2889685231982,,5.076724676200683e-09,,141.35643313581613,,,,0.476,
MPC,Classical,ra_plus_50,ramp,1.078221788483361,,2.346944898049553,,2.200141585970548,,138.18596785238825,,,,0.0,
MPC,Classical,ra_plus_50,sine,19.64985790991293,,1541.0059534178847,,2.4428141420108798,,200.6120993674048,,,,0.59,
MPC,Classical,ra_plus_50,step_load_disturbance,17.220305689359467,,1114.4521253010791,,0.3871627414462452,,210.96843098744995,,,,0.704,
MPC,Classical,ra_plus_50,step_nominal,16.76552858049849,,1103.7250599074232,,0.0006377560389074,,196.54655646847144,,,,0.666,
MPC,Classical,saturation,ramp,3.0188504101949576,,21.050720664309328,,9.703966758055,,268.3480462070523,,,,0.852,
MPC,Classical,saturation,sine,26.894748234560176,,2193.2257989033787,,6.448788162501064,,288.0,,,,1.0,
MPC,Classical,saturation,step_load_disturbance,28.47695818537347,,1894.1140437533888,,22.05902136789357,,288.0,,,,1.0,
MPC,Classical,saturation,step_nominal,26.8947482345604,,1800.0698049790526,,12.410328991421087,,288.0,,,,1.0,
PID,Classical,combined_stress,ramp,15.92534387250398,,612.1966695097667,,50.44645633584497,,89.8159192166311,,,,0.0,
PID,Classical,combined_stress,sine,30.242459798961534,,2413.441870453839,,22.21378225383316,,239.8060131294515,,,,0.572,
PID,Classical,combined_stress,step_load_disturbance,31.35982701917632,,2164.0868957880257,,33.57608759285424,,282.773666905695,,,,0.838,
PID,Classical,combined_stress,step_nominal,29.89089801489155,,2046.6006562600169,,25.23890050151617,,266.6946579192667,,,,0.674,
PID,Classical,friction,ramp,11.265913148703383,,285.12444338803164,,28.898753860225128,,43.448308138974,,,,0.0,
PID,Classical,friction,sine,17.812726625202913,,1224.6565863245182,,2.289636930041348,,121.32129236200475,,,,0.286,
PID,Classical,friction,step_load_disturbance,15.988644898294984,,909.792547807059,,2.7199371495617344,,115.49375763999356,,,,0.15,
PID,Classical,friction,step_nominal,15.25686829206671,,897.1201015681883,,1.4259701806604133,,110.5790533239848,,,,0.15,
PID,Classical,j_plus_50,ramp,13.53461057512601,,425.3995069666204,,38.12015301311769,,63.680785472851575,,,,0.0,
PID,Classical,j_plus_50,sine,21.39548008083477,,1672.32849703112,,4.238542681204106,,164.60515990903684,,,,0.41,
PID,Classical,j_plus_50,step_load_disturbance,21.2714245104036,,1293.461977518143,,7.84582838447147,,172.05861464008322,,,,0.264,
PID,Classical,j_plus_50,step_nominal,20.574488747318743,,1271.2506979916368,,4.281260269960187,,166.06209428165346,,,,0.264,
PID,Classical,nominal,ramp,10.844138275152094,,264.26730056978096,,27.89331373250037,,40.25998613431067,,,,0.0,
PID,Classical,nominal,sine,17.73302454229827,,1203.796859239056,,2.3556007537304704,,118.55081813286934,,,,0.28,
PID,Classical,nominal,step_load_disturbance,15.536593250801038,,887.991601356894,,1.7294860606448343,,111.68252844815528,,,,0.146,
PID,Classical,nominal,step_nominal,14.931246566620093,,877.1427703285879,,2.4164212103762392,,107.03770172524024,,,,0.146,
PID,Classical,ra_plus_50,ramp,13.53308674502158,,425.3187130011789,,38.1202701127236,,63.667484203281525,,,,0.0,
PID,Classical,ra_plus_50,sine,20.44885533317751,,1556.8207811381542,,3.59600641879864,,155.84455133842667,,,,0.382,
PID,Classical,ra_plus_50,step_load_disturbance,20.80877718898185,,1223.8645002598646,,9.431369895563982,,165.51918747517024,,,,0.226,
PID,Classical,ra_plus_50,step_nominal,19.76366159486274,,1190.7515202981128,,4.085881686604222,,156.72915116450264,,,,0.226,
PID,Classical,saturation,ramp,13.852764641684454,,456.02114182772846,,42.498353383231645,,67.41415391788368,,,,0.0,
PID,Classical,saturation,sine,27.627909766943095,,2208.251354687731,,13.397339010896737,,215.9549648674632,,,,0.53,
PID,Classical,saturation,step_load_disturbance,28.60497803563177,,1900.724255398858,,23.65083569803285,,256.79140190216634,,,,0.576,
PID,Classical,saturation,step_nominal,27.197751818541715,,1811.47416612968,,15.80753292436517,,238.97598400870825,,,,0.522,
SAC,RL,combined_stress,ramp,5.579632405720777,0.10971321925983268,79.11630728931,2.453043811371498,21.482733058422944,0.21762976400175876,275.4126774282205,1.4580937749133067,23.31116688650692,0.07794571320520953,0.9123752495009979,0.010538804545134312
SAC,RL,combined_stress,sine,29.815823409255167,0.0,2399.969373961576,0.0,19.95497979275764,0.0,287.7119999999777,0.0,23.976,0.0,0.998003992015968,0.0
SAC,RL,combined_stress,step_load_disturbance,31.379524632413023,0.0,2167.610659306989,0.0,30.325407092927843,0.0,287.7119999999777,0.0,23.976,0.0,0.998003992015968,0.0
SAC,RL,combined_stress,step_nominal,29.81582340925516,0.0,2045.1022570166638,0.0,19.95497979276737,0.0,287.7119999999777,0.0,23.976,0.0,0.998003992015968,0.0
SAC,RL,friction,ramp,0.3232538108079393,0.0888894771037129,0.24610320465902707,0.13703551321054835,0.638442960589984,0.3034364228945675,73.96282939479408,0.5681470463764909,12.107635025346237,0.03960986733346843,0.0,0.0
SAC,RL,friction,sine,15.910470067724642,0.04061842632500793,1196.2220592244798,0.10834628846973447,1.0326754011726464,0.2952418962466093,163.7197192196306,0.7439522078558893,15.892408454895934,0.08587300306287363,0.4926147704590818,0.0012623862914843788
SAC,RL,friction,step_load_disturbance,12.596763933733712,0.04838301069811388,829.6472894766614,0.03754893320253139,0.3814089114740938,0.24681867227748014,152.5271157967232,0.7011662715501884,14.775846404619813,0.030699889141932685,0.4956087824351297,0.002314374867721364
SAC,RL,friction,step_nominal,12.604298938600328,0.027839032669568345,829.0653258162972,0.0328022784569277,0.6149638323618405,0.29264324836676114,145.85631530119952,0.35351299839198297,13.718275470137929,0.03113681487050916,0.487624750499002,0.002114470869204342
SAC,RL,j_plus_50,ramp,0.6422232717922279,0.08996401534172832,0.8713189175614329,0.2521313900502376,1.2274236665254392,0.2905166739099771,140.83304504950203,1.2070845334429459,16.665396944922158,0.0574226595257877,0.0,0.0
SAC,RL,j_plus_50,sine,20.799432797058547,0.02850356845517793,1666.2138902995084,0.07686489268975764,1.8155428499984894,0.32983799132492686,207.63025621137598,0.7816509398727758,18.74997391408885,0.08451328210782415,0.6213572854291417,0.008626306325143248
SAC,RL,j_plus_50,step_load_disturbance,18.680943366678513,0.022761775907723093,1226.8201091330723,0.019559856737614227,0.47400139987748846,0.22494363442430365,221.91825831017135,0.4738960227792904,19.518589031791834,0.049031785739077564,0.7465069860279441,0.0031207024350121877
SAC,RL,j_plus_50,step_nominal,18.363936484369,0.013289425171318356,1216.1742229223105,0.01824538503770702,0.7406389874577798,0.18049634921398028,211.26617169210672,0.42034536251206256,18.477854815292538,0.028961171889205398,0.7157684630738522,0.003148944661663153
SAC,RL,nominal,ramp,0.29455171487153725,0.09081745793968327,0.21098538631995273,0.13053316500077397,0.5772731975781966,0.29324570216522833,68.66675457574142,0.5557543545817871,11.665272434982617,0.04068132978436792,0.0,0.0
SAC,RL,nominal,sine,15.654377845148563,0.042073924884900554,1171.6483962756652,0.1192861422159903,0.968184696200342,0.29233232761217043,161.58147439612893,0.7658775193797023,15.776025147176998,0.08610262472453473,0.4862275449101796,0.001395620556447313
SAC,RL,nominal,step_load_disturbance,12.33252724172987,0.054446990768081356,811.8009496953894,0.045385318355458025,0.42896250262736546,0.26403804067213577,148.16876143901376,0.8055014386954956,14.334440058188083,0.029876182337565,0.4836327345309381,0.0023143748677213615
SAC,RL,nominal,step_nominal,12.355102699803991,0.03001931441343713,811.4028473763731,0.03901859330720169,0.6690159389058679,0.30426130743780755,142.1062385959457,0.3591995753829045,13.271774715566982,0.03238591986068631,0.47744510978043914,0.0022660527433035803
SAC,RL,ra_plus_50,ramp,0.6202824617315156,0.09084350666800323,0.810937888403045,0.24232185972445558,1.2321692615586826,0.31839423283008744,140.29256218954063,1.1307740792767063,16.665466889177956,0.059868866205796935,0.0,0.0
SAC,RL,ra_plus_50,sine,19.657395760487823,0.028994215173201606,1545.8569626547037,0.07799518964778905,1.7201018328752198,0.22733948834522433,201.76487994967303,0.8216104264769566,18.444161541329503,0.09798649469593422,0.5952095808383233,0.00727623319467319
SAC,RL,ra_plus_50,step_load_disturbance,17.253290392059064,0.02275303539033725,1119.4369480692076,0.016295330870064333,0.36293931954516695,0.21913336722487564,212.6415937302857,0.5016609941809286,19.01765458645837,0.04768619356298245,0.7077844311377246,0.0031489446616630766
SAC,RL,ra_plus_50,step_nominal,16.9073341942318,0.01566636522088166,1108.7904229240396,0.0218067551772293,0.7336756683531632,0.19063499723224275,197.92494567006847,0.42047470834755835,17.482641563725682,0.03031979830678019,0.6692614770459082,0.002669647724249999
SAC,RL,saturation,ramp,2.8580938508880243,0.14829385252720256,19.272208608709988,1.729071791030631,9.823666852306449,0.3056351677820435,266.2365325568758,2.956490116097075,22.85578853622665,0.1426657177427445,0.8353293413173652,0.024774275132283224
SAC,RL,saturation,sine,26.94078711097768,0.0,2198.194417903253,0.0,7.922247162375385,0.0,287.7119999999777,0.0,23.976,0.0,0.998003992015968,0.0
SAC,RL,saturation,step_load_disturbance,28.517745020124767,0.0,1898.9442789255693,0.0,18.426330494000013,0.0,287.7119999999777,0.0,23.976,0.0,0.998003992015968,0.0
SAC,RL,saturation,step_nominal,26.940787110977674,0.0,1805.0384239789296,0.0,7.922247162385119,0.0,287.7119999999777,0.0,23.976,0.0,0.998003992015968,0.0
TD3,RL,combined_stress,ramp,11.287858782896858,5.913659050225203,436.69094330140933,531.8484649148519,45.79400693923474,19.10572368024743,143.89516184271935,53.36964477167753,15.832736675262472,3.6346918502807894,0.14790419161676643,0.20268290181526574
TD3,RL,combined_stress,sine,35.61820978805214,1.69888484046857,2990.2814985110367,196.83808818440193,41.29760828470616,9.3657561433458,133.48058123848017,39.62437417103192,15.458162586212051,2.4679435885380263,0.1265469061876247,0.17679718885510534
TD3,RL,combined_stress,step_load_disturbance,37.64548133345067,2.026135124789194,2933.7621186554607,271.15327216448395,53.021798095472334,8.428685435443292,116.25261738995646,49.66178409020636,14.475103515815675,3.1306196461092695,0.06546906187624749,0.18704771049639063
TD3,RL,combined_stress,step_nominal,35.899846735538404,1.6789712578427944,2729.9770227230233,222.1237901308542,40.51975624951705,5.9253926693429815,128.48430947929145,32.35688447655289,15.27111033878318,2.111597133277513,0.08143712574850297,0.14273837518427285
TD3,RL,friction,ramp,8.500815434567064,4.764374051375169,239.22182667210754,236.03118951899373,27.663031412737716,18.512053495545672,142.597870414521,31.68329310131615,16.000728489160558,1.9383857477347108,0.06746506986027942,0.1054879676104299
TD3,RL,friction,sine,20.414725138008457,1.812414540238298,1361.583433964221,82.90633166230613,18.551746256080925,9.025422581863491,153.8225527649691,22.899900419499694,16.093539511871516,1.3932435099327738,0.1676646706586826,0.14821917997324058
TD3,RL,friction,step_load_disturbance,16.598268973148908,1.435550756464656,974.956524515097,77.04525931406506,11.984642403605278,9.063186103072043,143.680216733278,25.37256598196501,15.709177461719662,1.8968501357844219,0.10998003992015966,0.13339430852377682
TD3,RL,friction,step_nominal,16.973020458425612,2.1883154816501036,996.0569445745289,118.9686324529696,24.722426946550275,15.412245959321963,151.04821645762422,28.15844239842409,16.33012204713834,1.9263044487680039,0.1173652694610778,0.16747393812869238
TD3,RL,j_plus_50,ramp,3.685769667287384,1.6277107083704074,46.73321519188222,41.44453915338634,12.645024678884813,11.456030789008109,174.1188916303519,25.678063886457483,18.26318548059462,1.4089231749383098,0.09261477045908181,0.16833184749387245
TD3,RL,j_plus_50,sine,24.33634304394259,1.005154016829018,1927.3501145975074,139.12495495546972,7.382247194921453,5.432317366883147,166.6971560905938,26.02082299958338,17.83097663555147,1.4919777395113405,0.059281437125748494,0.10005312865862505
TD3,RL,j_plus_50,step_load_disturbance,23.74484312844975,1.8875284533411216,1555.2273523057968,143.14866485152243,8.052895296924385,5.106623483917645,178.9413628764114,28.635315058288395,18.53288137035367,1.6335964476754692,0.1239520958083832,0.1270998997288522
TD3,RL,j_plus_50,step_nominal,23.2674022729017,1.428978381184737,1530.3158007622462,131.56338879293114,7.417425394455806,5.894178194925372,167.5576617940588,20.803295360365546,18.007834556293474,1.2520181440232834,0.02974051896207583,0.03773634204798654
TD3,RL,nominal,ramp,8.981959131917312,4.845295886468596,262.5521182846699,250.60540368962964,27.88830916902599,18.327452044098457,139.8116310553975,31.8102306311018,15.775009333181407,1.9563450803201468,0.06766467065868259,0.10411796191523369
TD3,RL,nominal,sine,20.377305683827736,1.9637884446758234,1342.8971371624189,91.59156517041937,19.718767298459817,9.59103958521209,154.10398155175,23.9369722800389,16.102185473823727,1.5085685056501597,0.1800399201596806,0.15123717941755
TD3,RL,nominal,step_load_disturbance,15.724688873729184,1.3666388564555072,923.1181422081684,59.117972903957856,11.257302741463052,10.015039185577555,144.65894034962452,24.34666542718162,15.50732160453814,2.0119734643396825,0.14890219560878243,0.14474751174833841
TD3,RL,nominal,step_nominal,16.221442158313376,2.107512111757244,946.8684963932658,108.50009499472105,22.264357838696547,12.757045354383692,145.82359160708964,30.02751680077147,15.827776211261915,2.014925453677666,0.15429141716566863,0.17401570081098902
TD3,RL,ra_plus_50,ramp,3.2650329235303746,1.039128094884233,30.353931811871586,16.21946174239506,8.658487516429933,3.5449893472872684,167.9322329554487,24.40431859409885,17.609565640830958,1.4543066860124696,0.11497005988023952,0.16875733051960687
TD3,RL,ra_plus_50,sine,25.252872281073383,2.2258011665448203,2026.0206475505179,232.56518526416866,7.339213499528578,6.203097341711664,161.30828605641784,31.424680404788486,17.152676895236965,1.729331013580781,0.12395209580838322,0.14790061498101717
TD3,RL,ra_plus_50,step_load_disturbance,24.620552825765323,4.156796211270941,1606.2973235298227,316.92459332906134,12.17718085495767,11.063667960801494,172.49241637181143,49.28970599116853,17.96090840897561,2.782776801071614,0.17285429141716563,0.17814661679559823
TD3,RL,ra_plus_50,step_nominal,23.259549745888144,3.004284741038904,1519.4563651546684,244.09234582126234,7.723577847583454,5.838602419925076,163.71709759643943,34.949347834345545,17.64390071554186,1.9563361347103707,0.10598802395209579,0.17117493141744244
TD3,RL,saturation,ramp,4.001650550579714,1.386800000520553,45.95986731369405,28.15743136798569,15.299503675310763,4.37593535461313,194.3502884240163,44.87333574170614,19.41107693500515,2.2964115371391354,0.22295409181636722,0.34718052068097993
TD3,RL,saturation,sine,30.28528500826449,0.9461169088275945,2455.9583785197765,84.36714379746562,20.808649005619447,4.204596041663334,151.08552741062306,24.067718064107737,17.028494886207522,1.444717552845471,0.04630738522954087,0.04666657370545703
TD3,RL,saturation,step_load_disturbance,31.630584527095586,0.9663761680360887,2204.3090354259,102.23503467620591,29.196673845652015,3.374393576634002,162.09823808986408,24.363312994260173,17.69508764019007,1.3748627025920888,0.05968063872255486,0.11091153026879474
TD3,RL,saturation,step_nominal,30.369613775912086,0.999376481872123,2101.472862602728,96.81397308046262,21.60319357680092,4.093072363769687,141.55758051624983,27.968158351364142,16.554328397846202,1.6128982343873743,0.02415169660678642,0.07289271279433794
